# edge-a export 2026-10 (collectors fra-1, fra-2); ts is UTC
event_id,account,meter,quantity,unit,ts
308C71E4C64462B05070,ACC-1013,api_requests,98629,request,2026-09-29 00:08:01
F8DA881702B4220D9512,ACC-1008,api_requests,55873,request,2026-09-29 00:55:53
DA1960F543FBC0D4C9C6,ACC-1029,api_requests,6401,request,2026-09-29 01:06:18
026D8624887CAE89BD72,ACC-1018,api_requests,117529,request,2026-09-29 02:13:34
A281CE87385992992298,ACC-1031,storage_gib_h,5010.908,GiB-h,2026-09-29 02:51:02
0752A09689C97CCEFF81,ACC-1006,egress_gb,272.365122,GB,2026-09-29 02:51:42
8CC47988629469329E4B,ACC-1028,build_minutes,568,min,2026-09-29 03:02:23
FC7E967575890F42E8DA,ACC-1021,api_requests,20842,request,2026-09-29 03:13:29
8F425F93EFE19CA3C59B,ACC-1006,build_minutes,274,min,2026-09-29 03:13:35
1CA075B42EEFD961955E,ACC-1004,build_minutes,136,min,2026-09-29 03:20:57
75485A06CF76993DFF99,ACC-1036,build_minutes,33,min,2026-09-29 03:54:05
D207026C8CBCB723481E,ACC-1017,api_requests,970382,request,2026-09-29 04:10:26
7842EA334ACCB63A5562,ACC-1018,egress_gb,35.896223,GB,2026-09-29 05:22:39
3324BC8C15B278327B32,ACC-1022,egress_gb,142.903411,GB,2026-09-29 05:47:29
75B8F4B95F26E40DF9BD,ACC-1033,storage_gib_h,617.594,GiB-h,2026-09-29 05:47:30
9E44F7B9825227990648,ACC-1015,storage_gib_h,4793.709,GiB-h,2026-09-29 06:20:23
2384ED780B065FA61908,ACC-1017,storage_gib_h,9611.036,GiB-h,2026-09-29 07:40:08
276E971E3ED76FD967E9,ACC-1021,build_minutes,124,min,2026-09-29 07:47:47
B2482FC0D6DFE20BC9DF,ACC-1041,api_requests,143931,request,2026-09-29 07:56:21
30972A1C624A1BD488D7,ACC-1004,build_minutes,135,min,2026-09-29 08:02:22
0378F90AC82927D31190,ACC-1015,storage_gib_h,5107.202,GiB-h,2026-09-29 08:26:12
0A9F0596FA7185FD3ACA,ACC-1009,api_requests,30438,request,2026-09-29 09:05:33
D7BD862DFCAA4E822683,ACC-1008,build_minutes,47,min,2026-09-29 09:11:27
0A41DA2C28362CEAB35C,ACC-1007,storage_gib_h,10320.529,GiB-h,2026-09-29 09:24:57
876A2AE174D06C9EE965,ACC-1019,build_minutes,92,min,2026-09-29 09:32:42
423B22D0EADF1C8E521F,ACC-1013,egress_gb,71.249269,GB,2026-09-29 09:33:32
3C5DD049DEAC631C7D5B,ACC-1004,api_requests,121832,request,2026-09-29 10:35:28
15C2F7315514B20185B5,ACC-1027,build_minutes,118,min,2026-09-29 10:51:33
004520BAA7BD9C85AC60,ACC-1029,egress_gb,1.840206,GB,2026-09-29 10:56:10
F69AD9F92110303107C5,ACC-1012,storage_gib_h,2843.029,GiB-h,2026-09-29 10:56:53
55B3C0E54F4786385C82,ACC-1019,storage_gib_h,2103.991,GiB-h,2026-09-29 11:20:27
12F542F953B470F118FC,ACC-1015,egress_gb,57.510132,GB,2026-09-29 11:41:08
F51914E85A11033CA826,ACC-1024,egress_gb,133.035364,GB,2026-09-29 12:03:42
56585E8A3056C6B030BF,ACC-1006,storage_gib_h,9139.832,GiB-h,2026-09-29 12:13:38
7113976EE89E77D5B7FE,ACC-1002,api_requests,70420,request,2026-09-29 12:20:06
0C7B77A13C2015A79975,ACC-1011,build_minutes,153,min,2026-09-29 12:40:42
24871CF385EC0D291465,ACC-1028,build_minutes,351,min,2026-09-29 13:20:48
184FA37C9A5457EE8436,ACC-1003,egress_gb,72.600083,GB,2026-09-29 13:32:41
D130BADEE55DD1ED31E0,ACC-1010,storage_gib_h,20152.939,GiB-h,2026-09-29 13:36:00
F4E29769AD8D1D1A283C,ACC-1017,build_minutes,426,min,2026-09-29 13:43:34
B46724AAF76CB5EB7EC7,ACC-1025,build_minutes,170,min,2026-09-29 14:25:20
194EF5FAAEFFFC03A13E,ACC-1018,storage_gib_h,3908.460,GiB-h,2026-09-29 14:36:06
FEBF3C2E3D0938B01553,ACC-1006,egress_gb,402.319958,GB,2026-09-29 14:48:37
EF17730A0BE1662A208C,ACC-1004,api_requests,87673,request,2026-09-29 16:01:26
77CD1AFE8E2AF95E43F3,ACC-1035,api_requests,115312,request,2026-09-29 16:08:13
7A232CB3598ACD7AF9F0,ACC-1040,api_requests,10832,request,2026-09-29 16:17:46
B502175C990C1556B090,ACC-1024,build_minutes,299,min,2026-09-29 16:47:23
FFE05BBF8AC3817245CA,ACC-1032,build_minutes,16,min,2026-09-29 17:01:40
5F3AACC84F747FA71A11,ACC-1031,api_requests,97004,request,2026-09-29 17:29:07
5D0DEFCC581879C86FF6,ACC-1012,storage_gib_h,4130.124,GiB-h,2026-09-29 17:38:26
A22E1CDC1E0A6CE2D081,ACC-1029,egress_gb,9.116185,GB,2026-09-29 18:28:38
B379E1283DC4EB60D2FE,ACC-1024,storage_gib_h,15975.996,GiB-h,2026-09-29 18:58:48
BA266CE35FDE76FA62E7,ACC-1041,api_requests,93330,request,2026-09-29 19:12:47
A2CC8B735F442B802320,ACC-1002,egress_gb,9.329089,GB,2026-09-29 20:19:27
C072B126794BFBF53D96,ACC-1027,api_requests,152564,request,2026-09-29 20:20:42
82C1AD18CBED6022901E,ACC-1019,build_minutes,122,min,2026-09-29 20:24:27
F78940E8A2406F43EA69,ACC-1012,api_requests,79412,request,2026-09-29 20:26:45
889C4B09F2F4ED0D4E19,ACC-1036,api_requests,8695,request,2026-09-29 20:29:12
5427EC07F300FEDF4A9A,ACC-1024,api_requests,1046515,request,2026-09-29 20:42:01
D1FB0EF8D5CE6780E8FF,ACC-1035,build_minutes,88,min,2026-09-29 20:59:06
964E86CF293C872C6F1F,ACC-1010,storage_gib_h,11243.714,GiB-h,2026-09-29 21:43:47
9CFE707456D762FB1E3C,ACC-1036,egress_gb,15.648700,GB,2026-09-29 21:47:45
2329F4481229FC96AEF5,ACC-1004,api_requests,61158,request,2026-09-29 22:15:29
F01AB3B1E4F6DD7870FB,ACC-1038,api_requests,13469,request,2026-09-29 22:23:10
8929E37F347CBB2929E6,ACC-1013,storage_gib_h,2037.779,GiB-h,2026-09-29 22:26:14
F075FD2E0FE7EF3D7F43,ACC-1014,build_minutes,19,min,2026-09-29 23:01:55
AF4A3271835CA3115BF9,ACC-1026,storage_gib_h,320.269,GiB-h,2026-09-29 23:28:25
993A5F0BCEE129B7D059,ACC-1007,storage_gib_h,15228.666,GiB-h,2026-09-29 23:55:23
C7F5A0943E824A421809,ACC-1012,egress_gb,34.292875,GB,2026-09-29 23:59:13
9E4D635BDFCB5B5280C3,ACC-1004,egress_gb,28.220288,GB,2026-09-30 00:11:34
3B3781CACFF39AC1A5A1,ACC-1012,build_minutes,93,min,2026-09-30 00:17:47
844E9833366FEADAC081,ACC-1031,storage_gib_h,2123.310,GiB-h,2026-09-30 00:18:57
BFCD5BFA6092296FCD6F,ACC-1022,api_requests,952910,request,2026-09-30 00:20:28
4F4903750EB9832D61FE,ACC-1034,build_minutes,101,min,2026-09-30 01:38:57
0696274BD0583D88E759,ACC-1033,api_requests,8504,request,2026-09-30 02:09:05
DFD4D3D05A23BB13C285,ACC-1025,build_minutes,38,min,2026-09-30 02:36:07
C32F7793046C1339148D,ACC-1028,egress_gb,82.114983,GB,2026-09-30 04:03:30
5657919C3D19002A8AB6,ACC-1022,egress_gb,145.519889,GB,2026-09-30 04:04:57
B2A56E77DCDEE43ED808,ACC-1028,build_minutes,588,min,2026-09-30 04:41:12
9DA0A33935D9490DD056,ACC-1008,storage_gib_h,3521.366,GiB-h,2026-09-30 04:49:28
3C630182F67712C385FA,ACC-1038,build_minutes,35,min,2026-09-30 04:55:40
83967DCFD89A84526125,ACC-1008,egress_gb,6.349334,GB,2026-09-30 05:04:45
91207BAC52523A5BE0DB,ACC-1008,api_requests,30925,request,2026-09-30 05:50:40
50107B5FCF9FD1CA7730,ACC-1017,api_requests,513456,request,2026-09-30 05:59:40
319CCC92ACD00B3ED1E7,ACC-1012,storage_gib_h,3754.569,GiB-h,2026-09-30 07:00:02
CAC0CEEB3610F4DD8F07,ACC-1030,egress_gb,69.699332,GB,2026-09-30 07:10:19
43D7FC80EAC4051EB4CA,ACC-1015,api_requests,149663,request,2026-09-30 07:42:30
796D1E1064D67EC98637,ACC-1039,egress_gb,12.070625,GB,2026-09-30 07:54:52
02B10F45F4D86459D7EF,ACC-1028,storage_gib_h,10199.170,GiB-h,2026-09-30 08:13:49
FEF5A47AF0CF7CC94391,ACC-1015,build_minutes,29,min,2026-09-30 08:46:21
DB25FE4763EC75F22D5A,ACC-1012,api_requests,65013,request,2026-09-30 09:15:56
04F6798D703F3217D7BB,ACC-1035,storage_gib_h,4167.145,GiB-h,2026-09-30 09:16:16
0443CD5A48C4DD4F3969,ACC-1012,storage_gib_h,1853.238,GiB-h,2026-09-30 09:43:19
6048D7CA3D992A5BD2AB,ACC-1035,api_requests,118947,request,2026-09-30 09:46:44
33A1791578074FB3604F,ACC-1004,egress_gb,73.031935,GB,2026-09-30 09:49:29
4E47D4C3BE3031CDE20D,ACC-1038,api_requests,13095,request,2026-09-30 09:54:52
8A6BE1D8F153CC1FEF17,ACC-1003,egress_gb,11.043683,GB,2026-09-30 11:20:55
86F01DE21C86CEF0ADAD,ACC-1042,egress_gb,26.836518,GB,2026-09-30 11:55:22
905FDA5357B87168D79F,ACC-1022,build_minutes,215,min,2026-09-30 12:03:41
0821BE897187C8C035C0,ACC-1023,api_requests,5560,request,2026-09-30 12:05:22
5666C31B0C746B5C6D2B,ACC-1022,build_minutes,389,min,2026-09-30 12:12:10
104E608ADC05EA039064,ACC-1034,build_minutes,173,min,2026-09-30 12:28:59
467CFAA723AB3BC99636,ACC-1037,build_minutes,44,min,2026-09-30 12:39:11
72A2162A5F3B9DB61C4D,ACC-1011,api_requests,149961,request,2026-09-30 12:45:54
17A61AF19B0F3BEABFAD,ACC-1040,api_requests,10633,request,2026-09-30 12:51:27
081B33959315C33142A2,ACC-1021,egress_gb,53.779715,GB,2026-09-30 13:00:58
AF75A8DEB449C84EC423,ACC-1033,storage_gib_h,188.917,GiB-h,2026-09-30 13:04:42
CC2777F177A48CF5521D,ACC-1025,api_requests,142904,request,2026-09-30 13:07:51
3609132A4BC35C4F8145,ACC-1024,build_minutes,389,min,2026-09-30 13:12:40
50E0ECB14E9C99364690,ACC-1028,build_minutes,121,min,2026-09-30 13:19:08
E20B2DCF80E916D6C77D,ACC-1035,build_minutes,111,min,2026-09-30 13:21:56
1CC56E0B202943C41C8F,ACC-1007,storage_gib_h,14714.189,GiB-h,2026-09-30 13:38:46
DDC9AB16A1CB342F6E34,ACC-1025,storage_gib_h,4166.722,GiB-h,2026-09-30 13:49:45
0B7CDCC627E4C0CBFD09,ACC-1028,egress_gb,82.287396,GB,2026-09-30 14:30:00
F1B3A995B69B86758735,ACC-1016,build_minutes,28,min,2026-09-30 14:38:43
A894E87BCBE5B7FBE958,ACC-1027,api_requests,119882,request,2026-09-30 15:14:02
8506F0950FD619E866A9,ACC-1010,egress_gb,273.939866,GB,2026-09-30 15:18:31
63E98C44ECAA1CE3766D,ACC-1031,api_requests,40576,request,2026-09-30 15:23:34
E253E3BB3646A7D3FD5D,ACC-1013,storage_gib_h,18958.785,GiB-h,2026-09-30 15:45:00
45AD5685BC1F070BB350,ACC-1027,api_requests,159269,request,2026-09-30 15:46:21
8C64E43B4029CB5E7B3B,ACC-1017,build_minutes,687,min,2026-09-30 16:04:05
1DB33D0A50BE07B8E82D,ACC-1017,build_minutes,426,min,2026-09-30 16:04:28
BAB5CAD3A671A6671598,ACC-1041,storage_gib_h,2071.610,GiB-h,2026-09-30 16:27:37
9F4403AF743C5D9A8ADB,ACC-1022,build_minutes,518,min,2026-09-30 16:40:18
A93C1967BC5C0B81AA44,ACC-1030,build_minutes,165,min,2026-09-30 16:47:40
3C155801CD2E138DAA28,ACC-1019,storage_gib_h,3773.488,GiB-h,2026-09-30 16:58:49
1B8981636CF185A52E3B,ACC-1004,api_requests,99482,request,2026-09-30 17:27:27
403BC5690532ABAE153A,ACC-1041,build_minutes,31,min,2026-09-30 17:59:36
81B7231CAB557EAFB8E0,ACC-1003,egress_gb,10.787266,GB,2026-09-30 19:30:31
CACCDF669CF7DA8B4A31,ACC-1013,build_minutes,163,min,2026-09-30 19:41:39
D65AF2B0C60531943ACC,ACC-1020,storage_gib_h,810.079,GiB-h,2026-09-30 19:51:27
7B76B0F6513B8EFD33DD,ACC-1015,api_requests,34144,request,2026-09-30 20:03:28
045A349835E7B7CE4E46,ACC-1039,api_requests,37578,request,2026-09-30 20:26:25
DF2ED465C999BD0072C8,ACC-1023,build_minutes,30,min,2026-09-30 20:28:07
86145E3AEAD0FB719560,ACC-1001,api_requests,1173113,request,2026-09-30 20:41:50
360A5D39BFB8E52AB382,ACC-1017,egress_gb,372.920496,GB,2026-09-30 20:44:32
E8C7B74B3AABB9204A4B,ACC-1039,build_minutes,118,min,2026-09-30 20:53:49
555974F3BACD8E25F5E1,ACC-1002,egress_gb,142.715505,GB,2026-09-30 22:30:00
9D9CD4456B7A785FC577,ACC-1008,build_minutes,91,min,2026-09-30 23:09:18
432BC18D2AD8B0278948,ACC-1028,api_requests,1158838,request,2026-09-30 23:13:57
A6CC4E0356E27923BDB6,ACC-1024,build_minutes,217,min,2026-09-30 23:52:17
91E97BC263212F298FDE,ACC-0999,api_requests,688,request,2026-10-01 00:00:00
7F92D482C3C1DC628B9A,ACC-1001,build_minutes,151,min,2026-10-01 00:20:37
A6CFE010D68ABE0E0613,ACC-1027,api_requests,96376,request,2026-10-01 01:34:06
1A1768736B95C532CE18,ACC-1025,storage_gib_h,1997.150,GiB-h,2026-10-01 01:40:04
DAE6572BB4907FE5E25F,ACC-1027,storage_gib_h,4700.253,GiB-h,2026-10-01 02:12:07
060C6F69307B3A6505DE,ACC-1015,storage_gib_h,3258.415,GiB-h,2026-10-01 02:32:18
181FD78064259FE34C8C,ACC-1019,api_requests,123566,request,2026-10-01 02:43:51
EC522E57587250F3B4FA,ACC-1005,storage_gib_h,213.815,GiB-h,2026-10-01 02:51:02
AAF9F8D5B158F5EAFA50,ACC-1011,egress_gb,96.173396,GB,2026-10-01 03:10:00
CB5B97AC4BC48ABE9C68,ACC-1002,build_minutes,63,min,2026-10-01 03:23:03
22A8012C0A5E33969875,ACC-1039,build_minutes,153,min,2026-10-01 03:56:00
28FAE6279E214D26385E,ACC-1024,egress_gb,78.983308,GB,2026-10-01 04:08:09
9937F17C65DBBF3C151C,ACC-1031,api_requests,45254,request,2026-10-01 04:13:11
B4BFA56106DAAA209228,ACC-1017,storage_gib_h,18486.217,GiB-h,2026-10-01 04:24:41
E818DF84C528FDE4C016,ACC-1028,build_minutes,369,min,2026-10-01 04:38:43
FD95CB028CDCDCA78909,ACC-1038,build_minutes,51,min,2026-10-01 04:53:11
71B5F8B1950D0C5D1616,ACC-1022,api_requests,993125,request,2026-10-01 04:54:07
9DE247C5AAB301B9343D,ACC-1005,egress_gb,5.065006,GB,2026-10-01 05:25:30
E064085B65C127A2D4D7,ACC-1024,build_minutes,586,min,2026-10-01 05:46:50
178E827E42848B60EC30,ACC-1018,build_minutes,53,min,2026-10-01 06:27:24
54D3021BF10E6B2746CF,ACC-1003,build_minutes,90,min,2026-10-01 06:46:14
15C4BE6642CDA0C00832,ACC-1018,egress_gb,45.080789,GB,2026-10-01 07:01:10
059C54034A3D41A48A8C,ACC-1009,build_minutes,83,min,2026-10-01 07:05:39
E93BA64932BB709A86B5,ACC-1007,storage_gib_h,16360.749,GiB-h,2026-10-01 08:39:38
547F021563CECB74EBF1,ACC-1014,build_minutes,8,min,2026-10-01 09:09:17
0340BC30C3E6E24C2E2E,ACC-1027,api_requests,84307,request,2026-10-01 09:59:04
A5149B3B8087BFB689FE,ACC-1022,api_requests,372802,request,2026-10-01 09:59:36
E556E76A90BE16FEBB8A,ACC-1010,api_requests,343134,request,2026-10-01 10:03:35
25F3527B87E06BB0ED9C,ACC-1030,api_requests,116446,request,2026-10-01 10:39:01
72A08E50C646EDB4D761,ACC-1019,storage_gib_h,5036.845,GiB-h,2026-10-01 10:52:53
E9F62DEF0EBF56C5C5F1,ACC-1036,api_requests,12364,request,2026-10-01 10:54:00
10EA0A63C5B091904F65,ACC-1006,egress_gb,378.829812,GB,2026-10-01 11:01:38
521ECAC114AE0B03DA4B,ACC-1029,build_minutes,35,min,2026-10-01 11:02:14
BC2F1E0B0F67AAE2CEB3,ACC-1034,api_requests,95590,request,2026-10-01 11:07:10
09DC19A8FE2E3E583353,ACC-1028,api_requests,642222,request,2026-10-01 11:56:58
960C265FF84F55D443DC,ACC-1008,api_requests,97312,request,2026-10-01 12:22:43
1906F396BAEFD730C479,ACC-1001,storage_gib_h,18511.078,GiB-h,2026-10-01 13:02:55
BE2051AF1B77E142E2EC,ACC-1010,api_requests,993448,request,2026-10-01 13:41:49
26360BBB0CE959D6BFE2,ACC-1027,api_requests,129762,request,2026-10-01 13:53:32
FF3DC7737BE4656F0F80,ACC-1008,egress_gb,48.921647,GB,2026-10-01 14:07:47
A242A9A5FDD36665EFBF,ACC-1007,build_minutes,455,min,2026-10-01 14:18:28
F716B083C8AB7254936A,ACC-1034,api_requests,52919,request,2026-10-01 14:26:11
331E4E355B5F8DDD89FE,ACC-1030,build_minutes,126,min,2026-10-01 15:01:57
1734EBC9CB38705F8DCC,ACC-1011,storage_gib_h,4538.582,GiB-h,2026-10-01 15:16:14
7EFF4848BF77E4942CD9,ACC-1012,storage_gib_h,1541.713,GiB-h,2026-10-01 15:44:14
48FFC8500C566ADA8334,ACC-1015,storage_gib_h,1956.186,GiB-h,2026-10-01 15:46:15
57D40C7CC455604E89D0,ACC-1015,api_requests,44014,request,2026-10-01 16:36:13
24ED9DD20FA92C12BE5A,ACC-1009,api_requests,145148,request,2026-10-01 16:36:22
DB08E33B333B25B3B034,ACC-1007,egress_gb,274.974809,GB,2026-10-01 16:57:05
0865FB3DA3B1C086E730,ACC-1017,storage_gib_h,12080.253,GiB-h,2026-10-01 17:02:13
DD229BBD6B8535BDF57A,ACC-1015,api_requests,30047,request,2026-10-01 17:24:19
8B9D8E0AE35B9CCCD4AC,ACC-1008,egress_gb,38.134375,GB,2026-10-01 17:47:24
1982AB632CFE610A9619,ACC-1002,api_requests,23865,request,2026-10-01 17:57:00
4176A47B000E3E5BAAB4,ACC-1005,egress_gb,15.630550,GB,2026-10-01 18:11:25
DF9A93CAF26722872BE4,ACC-1027,api_requests,109258,request,2026-10-01 18:15:24
F6C82468F818A7128A56,ACC-1022,storage_gib_h,19675.636,GiB-h,2026-10-01 18:38:22
BA9C7AC64139FBA14C17,ACC-1027,build_minutes,167,min,2026-10-01 18:43:13
5BDEAF44418D3DD648A0,ACC-1019,storage_gib_h,4973.881,GiB-h,2026-10-01 19:32:27
41B63B7622A76124E61B,ACC-1011,build_minutes,143,min,2026-10-01 19:38:30
FCE1638FD4933EEA0176,ACC-1006,api_requests,1067865,request,2026-10-01 20:18:06
5484B58153635F7BA5D7,ACC-1028,api_requests,646177,request,2026-10-01 20:55:10
4A0CEC8673B3FFD8DA8B,ACC-1025,build_minutes,91,min,2026-10-01 20:59:53
C46BB4417D443F85C2B7,ACC-1035,api_requests,58425,request,2026-10-01 22:00:28
3E4DFE2A42803BBD73DF,ACC-1018,build_minutes,62,min,2026-10-01 22:22:15
E9876490815F3CD823CC,ACC-1025,api_requests,140121,request,2026-10-01 22:41:32
6C5B638DF1539D0C008F,ACC-1025,storage_gib_h,2368.599,GiB-h,2026-10-01 22:51:25
13A4A9733CEE00B90D8D,ACC-1013,api_requests,44827,request,2026-10-01 22:53:31
29DE43F1E7CB40E731D6,ACC-1039,storage_gib_h,3378.061,GiB-h,2026-10-01 23:17:58
436E694D1249760A6EB0,ACC-1024,storage_gib_h,13095.500,GiB-h,2026-10-01 23:27:38
78830CD391F385E6CDBE,ACC-1022,storage_gib_h,16905.066,GiB-h,2026-10-01 23:39:56
9799B2E4BA85C9F15B23,ACC-1008,storage_gib_h,4055.739,GiB-h,2026-10-01 23:44:35
8A11CB5E0AF1747FCDB9,ACC-1028,build_minutes,407,min,2026-10-01 23:54:52
4311802790E9F017B3FF,ACC-1010,build_minutes,106,min,2026-10-02 00:05:32
A19B466ADC7D423EA606,ACC-1033,api_requests,2297,request,2026-10-02 00:14:13
3EEF7CF3E7F81B3DDF10,ACC-1003,storage_gib_h,4315.596,GiB-h,2026-10-02 00:19:02
3076342A2771A87D9827,ACC-1011,storage_gib_h,2486.080,GiB-h,2026-10-02 00:40:12
5FE5F86021B3078F7159,ACC-1007,storage_gib_h,14554.879,GiB-h,2026-10-02 00:59:52
6F0F56C1CA0000475DB2,ACC-1040,api_requests,3743,request,2026-10-02 01:13:45
E2163618945ABB1E1457,ACC-1021,api_requests,113511,request,2026-10-02 02:10:09
D655E1607F1AF41519E9,ACC-1009,build_minutes,157,min,2026-10-02 02:28:06
C4E36E246558E25A2947,ACC-1032,build_minutes,56,min,2026-10-02 02:40:21
D453433694185A14228D,ACC-1041,build_minutes,44,min,2026-10-02 03:30:09
B9AFF2E8139E8A209936,ACC-1032,build_minutes,37,min,2026-10-02 03:30:59
7F8476F3C1667BD68824,ACC-1021,storage_gib_h,2878.664,GiB-h,2026-10-02 04:00:49
72CF4EBEDF7B7CA4A831,ACC-1039,egress_gb,54.245001,GB,2026-10-02 04:13:11
25D7B32F8C539B938908,ACC-1006,build_minutes,580,min,2026-10-02 04:58:42
E22B7FB0B14A14CC64A5,ACC-1004,api_requests,134885,request,2026-10-02 05:51:11
09C4CB75381C66367C20,ACC-1034,build_minutes,74,min,2026-10-02 05:57:52
C5606C47F8C5E749687A,ACC-1002,egress_gb,56.129431,GB,2026-10-02 06:16:01
8419CDFACDC89E27FBCC,ACC-1029,storage_gib_h,290.499,GiB-h,2026-10-02 06:48:18
625B8BBDCC9F29D54C4E,ACC-1010,storage_gib_h,20201.046,GiB-h,2026-10-02 07:08:33
279F939476778935ACD0,ACC-1013,build_minutes,137,min,2026-10-02 07:26:07
5BA28503774C9A331195,ACC-1025,build_minutes,86,min,2026-10-02 07:42:03
600EBC08D96908D19812,ACC-1009,api_requests,32463,request,2026-10-02 07:45:13
460CB130D4DC6C62CAEA,ACC-1022,api_requests,949577,request,2026-10-02 07:48:24
6EAE1E597DBCFE588A6A,ACC-1028,egress_gb,268.245757,GB,2026-10-02 07:56:01
E11786A067B869BB62BC,ACC-1024,storage_gib_h,10933.339,GiB-h,2026-10-02 08:02:39
0966FB1A6DFDA5509BC4,ACC-1031,storage_gib_h,1813.197,GiB-h,2026-10-02 08:09:28
C020CF2EE21843C9D044,ACC-1028,api_requests,1191446,request,2026-10-02 08:28:26
E6E587E8D4FCC1E1742E,ACC-1002,storage_gib_h,1671.094,GiB-h,2026-10-02 08:30:24
0DAF2D9B874269808914,ACC-1041,storage_gib_h,3903.625,GiB-h,2026-10-02 09:37:17
7D0EA2815D31CAEAF484,ACC-1023,storage_gib_h,788.691,GiB-h,2026-10-02 09:44:43
8C58982E792260AA3A20,ACC-1042,api_requests,9887,request,2026-10-02 11:02:36
8D5CD36F59D3EE16E9B1,ACC-1014,api_requests,11494,request,2026-10-02 11:46:52
1F58FCA2F539D773F536,ACC-1021,storage_gib_h,5013.059,GiB-h,2026-10-02 12:05:54
9714BEF93186EF4085D1,ACC-1033,api_requests,2309,request,2026-10-02 12:17:08
76238859868AF22359C5,ACC-1009,build_minutes,164,min,2026-10-02 12:51:41
1479E97A1D265571E7C2,ACC-1010,storage_gib_h,12264.532,GiB-h,2026-10-02 12:56:47
67BEFB91BB230466C73B,ACC-1008,build_minutes,62,min,2026-10-02 13:52:18
1E2B51042470DE87A2CC,ACC-1024,storage_gib_h,16358.924,GiB-h,2026-10-02 14:01:48
B08233F6B63D9ABA5894,ACC-1036,api_requests,6338,request,2026-10-02 14:08:13
1D25135A0A485461E263,ACC-1024,build_minutes,230,min,2026-10-02 14:09:46
FB2E41D4548EA66876EC,ACC-1019,build_minutes,108,min,2026-10-02 14:23:08
6AB47C2D95BBAB0B7B79,ACC-1028,api_requests,481907,request,2026-10-02 15:14:17
20B71948A43E4E7DC36B,ACC-1022,storage_gib_h,10897.566,GiB-h,2026-10-02 15:24:02
238F8C4BD9BDB9079FD2,ACC-1026,api_requests,2566,request,2026-10-02 15:26:02
776A61D2225A6EC3A8A3,ACC-1008,build_minutes,117,min,2026-10-02 15:30:45
7E80571F2D27793766F1,ACC-1004,api_requests,70831,request,2026-10-02 15:33:26
EDF4EFA293FC0F98C25E,ACC-1018,build_minutes,74,min,2026-10-02 15:46:01
85E25CD6C867AEB2723C,ACC-1004,egress_gb,12.450808,GB,2026-10-02 15:57:46
3C9EA1D6A157A676E7C3,ACC-1001,build_minutes,596,min,2026-10-02 16:44:29
27F0D46335A98D08BA5E,ACC-1014,api_requests,11270,request,2026-10-02 16:54:52
8934D11D6F2813F9A243,ACC-1024,api_requests,670798,request,2026-10-02 16:55:17
3BA6EFDCDEC6D07F28B5,ACC-1012,api_requests,75170,request,2026-10-02 16:55:48
C2AE4FD80C1CA7FD4FFC,ACC-1002,api_requests,122557,request,2026-10-02 17:33:12
88EF41BDE87FA89DD956,ACC-1003,api_requests,42976,request,2026-10-02 17:53:50
A98A7D16FFE516AA69D0,ACC-1026,storage_gib_h,293.533,GiB-h,2026-10-02 18:39:14
EB11E5E80ED1B22BE747,ACC-1013,storage_gib_h,2859.510,GiB-h,2026-10-02 18:47:48
5A7F59DAAC06C869B9C4,ACC-1018,storage_gib_h,1770.883,GiB-h,2026-10-02 19:16:18
AF37C1A92010E7E2EB38,ACC-1012,egress_gb,36.136400,GB,2026-10-02 19:30:58
5EB3FD25095A20375365,ACC-1019,egress_gb,42.414027,GB,2026-10-02 19:36:13
BC710F5634FF1A180394,ACC-1010,egress_gb,142.992581,GB,2026-10-02 19:44:39
D34EF2E8BEF829C41F04,ACC-1006,egress_gb,378.654705,GB,2026-10-02 19:56:17
4B29F32411CA2FA4CF58,ACC-1017,api_requests,1163145,request,2026-10-02 20:03:17
C0CF4FF044D26A69B668,ACC-1015,build_minutes,21,min,2026-10-02 20:06:29
5F35E69C55674D61706E,ACC-1026,egress_gb,12.967215,GB,2026-10-02 20:09:34
F4D4A9776BF408506995,ACC-1003,api_requests,77634,request,2026-10-02 20:29:49
DEE7F9D558B2E2352BDA,ACC-1018,api_requests,118147,request,2026-10-02 20:37:03
0D547063E987859F568F,ACC-1024,api_requests,568253,request,2026-10-02 21:25:55
15B84903CFAA872F461A,ACC-1017,api_requests,317561,request,2026-10-02 22:59:19
C189689B0155A5C1A184,ACC-1024,api_requests,314587,request,2026-10-02 23:21:38
7E716B5420E71E1774E1,ACC-1024,storage_gib_h,14065.439,GiB-h,2026-10-03 00:01:31
259A76957CD5CFEE1407,ACC-1007,egress_gb,140.923765,GB,2026-10-03 00:45:48
4EEE6B10BDC4BB4D098E,ACC-1032,api_requests,6104,request,2026-10-03 01:20:43
DD4E480ADCBCF4AAFE7A,ACC-1023,api_requests,13298,request,2026-10-03 01:57:20
3E024C8AADC51D874CFF,ACC-1039,build_minutes,147,min,2026-10-03 01:57:34
AB962FC49935AC6A88C2,ACC-1013,egress_gb,86.861342,GB,2026-10-03 02:33:36
5D13B2C51C42ED5E5AE6,ACC-1017,egress_gb,364.415647,GB,2026-10-03 02:39:37
BC25AB20EF919E6F524A,ACC-1013,storage_gib_h,3921.017,GiB-h,2026-10-03 02:45:25
6B7F36EAAE3A7752F44B,ACC-1034,egress_gb,79.442353,GB,2026-10-03 02:52:58
F97333B1527061EE27A7,ACC-1026,storage_gib_h,855.931,GiB-h,2026-10-03 03:31:06
E877BEB8BB0AB0880796,ACC-1010,egress_gb,147.416453,GB,2026-10-03 04:46:12
C45FB07B008DB24A5D27,ACC-1022,storage_gib_h,15268.774,GiB-h,2026-10-03 04:53:21
203E63271E10094A19AD,ACC-1028,build_minutes,186,min,2026-10-03 04:54:41
04CF62E81B35CB8C7271,ACC-1019,api_requests,24532,request,2026-10-03 04:57:15
70ABA43354511493B46A,ACC-1006,build_minutes,689,min,2026-10-03 05:01:32
BED03DD0876BE079ABD5,ACC-1026,api_requests,3337,request,2026-10-03 05:11:47
DBDB0EA90CF31CB64DD0,ACC-1028,api_requests,431830,request,2026-10-03 05:52:29
12920F151AC280DACF03,ACC-1042,build_minutes,45,min,2026-10-03 06:01:03
8E5562C8E52FAE5E3A5A,ACC-1024,build_minutes,459,min,2026-10-03 06:06:36
C5758E150C2C27C6CF52,ACC-1031,build_minutes,95,min,2026-10-03 06:16:04
60F33DD67B2A9CFAC353,ACC-1028,build_minutes,540,min,2026-10-03 06:43:22
46898E51D8FEEEBFB499,ACC-1017,storage_gib_h,13852.583,GiB-h,2026-10-03 07:20:57
832C51BB7D528A6E6E14,ACC-1032,build_minutes,55,min,2026-10-03 07:22:26
BD079174A4044A70B1E0,ACC-1036,storage_gib_h,55.983,GiB-h,2026-10-03 07:34:11
1C8C580412D9A3694B50,ACC-1018,egress_gb,77.083534,GB,2026-10-03 07:38:28
58C05E9CCDF34242F969,ACC-1011,egress_gb,49.285602,GB,2026-10-03 07:41:12
23172389064D3F9382E0,ACC-1018,api_requests,91493,request,2026-10-03 08:30:36
E6D85611B525E241A4FB,ACC-1038,api_requests,12181,request,2026-10-03 08:38:35
1A69D8635EFACD391B38,ACC-1007,storage_gib_h,17122.226,GiB-h,2026-10-03 08:46:04
76E0482283E4F03CD856,ACC-1010,api_requests,740377,request,2026-10-03 09:37:28
47DBC79F2DD6C7E1B3EA,ACC-1006,build_minutes,572,min,2026-10-03 09:53:36
33379DD5B0C907E92281,ACC-1009,api_requests,62508,request,2026-10-03 10:03:36
6C676D1C312339B84B5D,ACC-1008,storage_gib_h,3651.108,GiB-h,2026-10-03 10:15:34
EB984A90C33B0DBAFDFD,ACC-1006,api_requests,1176318,request,2026-10-03 10:23:57
5959199DEA56DF4085AA,ACC-1008,build_minutes,135,min,2026-10-03 10:44:23
68EEAC807D99A055EA71,ACC-1017,build_minutes,394,min,2026-10-03 11:12:07
346FB5FB6765978C1D19,ACC-1019,api_requests,58980,request,2026-10-03 11:20:13
2502FA2FD0DB38678A2E,ACC-1038,api_requests,6715,request,2026-10-03 12:53:01
07A74256F0C00F8A7DEB,ACC-1010,egress_gb,100.761740,GB,2026-10-03 12:54:08
C78EC0F5B42E795ACA68,ACC-1031,storage_gib_h,2177.557,GiB-h,2026-10-03 13:02:23
5D7901A5E0877BB6D85A,ACC-1041,build_minutes,173,min,2026-10-03 13:12:02
C259086729DEB4D22043,ACC-1031,build_minutes,173,min,2026-10-03 13:23:35
45F6D2258F4642C87105,ACC-1024,egress_gb,377.138381,GB,2026-10-03 14:16:45
FBF6FEA39C8D3170E376,ACC-1033,build_minutes,29,min,2026-10-03 14:40:23
91FBE1C73B8B16D3B18A,ACC-1019,build_minutes,51,min,2026-10-03 14:49:19
8DF7D05348C33BE130F6,ACC-1009,egress_gb,26.968578,GB,2026-10-03 14:55:02
4DA9ECC4F3831E5941D1,ACC-1026,build_minutes,46,min,2026-10-03 15:42:19
1424DE44880C5313F4FC,ACC-1011,build_minutes,148,min,2026-10-03 15:54:08
93F715778D0E03A4A916,ACC-1004,storage_gib_h,2484.915,GiB-h,2026-10-03 16:37:55
7B8000D7169880A24D15,ACC-1040,api_requests,10306,request,2026-10-03 16:41:47
219B808ADFDB5139DE43,ACC-1027,api_requests,93898,request,2026-10-03 17:19:12
9215579E84B96BC8F53D,ACC-1010,build_minutes,403,min,2026-10-03 17:58:27
732156C6214DE29925D8,ACC-1028,api_requests,738660,request,2026-10-03 18:38:12
A9D1F557F7394B911719,ACC-1025,storage_gib_h,1967.474,GiB-h,2026-10-03 18:48:23
30F4D5C4E293284C21D2,ACC-1037,api_requests,13635,request,2026-10-03 19:16:41
D9439839A7CA1B9D30E8,ACC-1006,api_requests,1157516,request,2026-10-03 19:21:07
A75978CD9EB17A775889,ACC-1031,storage_gib_h,3589.369,GiB-h,2026-10-03 19:26:36
0058D639185DE1AE0647,ACC-1007,build_minutes,526,min,2026-10-03 19:29:46
B1B3D0FCE016EB0048FB,ACC-1001,api_requests,1096888,request,2026-10-03 20:12:00
791C13F715CC3113971B,ACC-1007,egress_gb,232.736029,GB,2026-10-03 20:15:06
DA4CA2F815C9E5FC32B8,ACC-1030,build_minutes,115,min,2026-10-03 20:29:09
3C188F438E31EC05E413,ACC-1005,egress_gb,26.510569,GB,2026-10-03 20:37:04
78788A762DDA6E7AFF4B,ACC-1042,api_requests,2903,request,2026-10-03 20:45:55
CF4B3860D4732B7EC6D3,ACC-1007,api_requests,1105580,request,2026-10-03 21:11:31
91DC5D7F86267F0AFCEC,ACC-1014,build_minutes,58,min,2026-10-03 21:20:15
BB9325F57F5D4A2729EC,ACC-1022,build_minutes,377,min,2026-10-03 21:20:52
156967CDB80D947F0EE9,ACC-1028,egress_gb,221.908922,GB,2026-10-03 21:47:42
E34A0A739336209F89A8,ACC-1001,api_requests,458172,request,2026-10-03 21:52:08
062FFCB9B13CCE03BBE7,ACC-1030,api_requests,87789,request,2026-10-03 21:55:43
1ED04CFAD0834517E1CC,ACC-1039,build_minutes,83,min,2026-10-03 22:07:49
5993C490527F06A32B5E,ACC-1031,build_minutes,176,min,2026-10-03 22:46:33
3CB24CB1219E7B4100AA,ACC-1004,egress_gb,60.102253,GB,2026-10-03 22:56:10
3D5FB43823EB1A47A5A5,ACC-1041,storage_gib_h,3343.856,GiB-h,2026-10-03 23:03:34
2B000B04DE96B722947C,ACC-1002,api_requests,105365,request,2026-10-03 23:35:17
7D2FA56AB3E95A00278B,ACC-1027,storage_gib_h,2576.782,GiB-h,2026-10-03 23:36:35
A4D3459FB939A9FA26DE,ACC-1022,storage_gib_h,14599.688,GiB-h,2026-10-03 23:42:16
7C88C0CBE2ED175D3709,ACC-1008,api_requests,145363,request,2026-10-04 00:08:16
F81A7A3BA93008661318,ACC-1017,storage_gib_h,19182.975,GiB-h,2026-10-04 00:26:40
4772CCED4F1B306FA5CF,ACC-1030,api_requests,22510,request,2026-10-04 00:55:20
78718C69B50BDA1258AD,ACC-1027,api_requests,82070,request,2026-10-04 00:56:11
8A8D1FD4F370AF9544EC,ACC-1015,storage_gib_h,4991.495,GiB-h,2026-10-04 00:56:19
C9D63B69DF736C7BA810,ACC-1021,build_minutes,85,min,2026-10-04 01:06:09
0B6101AD3AFD511256CF,ACC-1029,api_requests,3892,request,2026-10-04 01:16:28
1D23211EDC28FC34E5BE,ACC-1027,storage_gib_h,4078.845,GiB-h,2026-10-04 01:17:24
9D8572FA3C4C69A693D1,ACC-1027,api_requests,113149,request,2026-10-04 01:29:01
9363068DE73F822D0D24,ACC-1011,build_minutes,30,min,2026-10-04 01:52:02
FBCFC81624424B743F38,ACC-1019,api_requests,58928,request,2026-10-04 02:06:43
2F83D3F8C128236F8404,ACC-1013,build_minutes,44,min,2026-10-04 02:11:37
83DF99AD00FBD783DCBB,ACC-1033,api_requests,7052,request,2026-10-04 02:13:05
6A66A39DFF8470F79D7A,ACC-1027,api_requests,123033,request,2026-10-04 03:20:10
DCA195FD830844976832,ACC-1007,build_minutes,548,min,2026-10-04 03:28:48
C205679552AEF47FF148,ACC-1024,storage_gib_h,16770.661,GiB-h,2026-10-04 03:38:17
F15228E67B32669C4701,ACC-1017,storage_gib_h,13533.538,GiB-h,2026-10-04 04:22:56
97C830F7A62585BD9518,ACC-1003,build_minutes,178,min,2026-10-04 05:08:31
3D5FFD79D052848200D2,ACC-1027,egress_gb,62.237686,GB,2026-10-04 05:28:50
267A22706CFF377AC38D,ACC-1010,egress_gb,248.492108,GB,2026-10-04 05:33:53
B7F4D9F43B58CFBEC7C6,ACC-1018,build_minutes,163,min,2026-10-04 05:41:47
67F05B8D13FED32C7974,ACC-1012,storage_gib_h,3620.039,GiB-h,2026-10-04 05:55:13
51848FB1012C0A6A7931,ACC-1011,api_requests,23059,request,2026-10-04 05:59:02
D1E616B9AF60334D77C6,ACC-1024,build_minutes,442,min,2026-10-04 07:39:53
C6DB99ABC18DD4F857D8,ACC-1003,build_minutes,130,min,2026-10-04 07:53:57
F3ACC081A6DD8191CF26,ACC-1003,build_minutes,145,min,2026-10-04 08:38:24
BC45AA7AFA67E5E560B4,ACC-1041,storage_gib_h,1888.181,GiB-h,2026-10-04 09:08:34
A5C082E3B46DE2F4D3F5,ACC-1034,build_minutes,123,min,2026-10-04 09:20:30
3F0941EC8E227CCDA8A6,ACC-1001,storage_gib_h,18457.273,GiB-h,2026-10-04 10:03:11
42309D00B838F881870F,ACC-1029,api_requests,6036,request,2026-10-04 11:13:07
0DCF8250B4A88F511ED8,ACC-1017,build_minutes,333,min,2026-10-04 11:16:21
68E0B2B4660E169CF8D5,ACC-1004,build_minutes,72,min,2026-10-04 11:35:27
22CC296ACFA2CA75AE35,ACC-1015,storage_gib_h,2762.608,GiB-h,2026-10-04 11:40:15
900915108F799C61942A,ACC-1006,api_requests,953041,request,2026-10-04 11:50:59
A10098717B538D3E2D47,ACC-1022,api_requests,407097,request,2026-10-04 12:47:11
E366739D01F9BEBD5235,ACC-1027,build_minutes,82,min,2026-10-04 12:48:18
E638969A6BE9F16002CC,ACC-1015,egress_gb,76.933156,GB,2026-10-04 13:00:07
8A97C3DF9C2D57C5CB9D,ACC-1013,storage_gib_h,4524.912,GiB-h,2026-10-04 13:21:03
93EC96EB5C8969C1460E,ACC-1042,api_requests,11697,request,2026-10-04 13:26:21
4692FF0BBDD099C77D3D,ACC-1029,build_minutes,24,min,2026-10-04 14:03:25
5BD6E3AFB120E57A215E,ACC-1028,api_requests,340518,request,2026-10-04 14:53:51
C1D4EB0F919119FABC7E,ACC-1001,build_minutes,466,min,2026-10-04 14:59:28
C85F3EBA42152B690ED5,ACC-1011,egress_gb,13.766576,GB,2026-10-04 15:02:42
B77F09339EB21B6B54A1,ACC-1012,build_minutes,136,min,2026-10-04 16:29:27
380A257714E133496990,ACC-1019,build_minutes,90,min,2026-10-04 16:44:03
7421243D9C356A04461D,ACC-1013,api_requests,137809,request,2026-10-04 16:56:34
F0EACC298C01BF3CF853,ACC-1024,build_minutes,502,min,2026-10-04 18:10:44
92414FCE7E401827C621,ACC-1012,build_minutes,159,min,2026-10-04 19:32:42
AA6D24261E624AEAF14E,ACC-1032,storage_gib_h,505.493,GiB-h,2026-10-04 19:39:34
160A4951BD8A405520A8,ACC-1035,api_requests,121339,request,2026-10-04 20:15:10
629D9DA864445E78F0E4,ACC-1034,api_requests,144751,request,2026-10-04 20:15:24
5119F055DAA27CD5C919,ACC-1024,api_requests,704846,request,2026-10-04 20:17:11
7FEDD2597C716CB6B80E,ACC-1029,api_requests,13061,request,2026-10-04 20:19:16
54A2F7F6C64A185AE8EA,ACC-1015,storage_gib_h,4741.918,GiB-h,2026-10-04 20:59:35
462D505A2740180EF62D,ACC-1024,storage_gib_h,14720.039,GiB-h,2026-10-04 23:17:23
8303086F9D550B1FF5D6,ACC-1007,api_requests,442571,request,2026-10-05 01:25:47
90EEB72801B38892CFC8,ACC-1037,api_requests,5029,request,2026-10-05 02:01:30
9F3411B820A1750D6B5A,ACC-1034,build_minutes,86,min,2026-10-05 02:54:37
954330D40CF7A2CAC8E3,ACC-1041,storage_gib_h,3976.819,GiB-h,2026-10-05 03:06:14
671E92115617B7691ED8,ACC-1007,build_minutes,292,min,2026-10-05 03:30:49
7FA681C6B35C8AE3F46E,ACC-1002,egress_gb,28.869201,GB,2026-10-05 04:12:54
662EE00A726EB51920C7,ACC-1010,storage_gib_h,20765.753,GiB-h,2026-10-05 04:46:44
193508CF1688267B6A0C,ACC-1024,api_requests,1012019,request,2026-10-05 04:51:58
019A1C4B6E32A6D09C28,ACC-1001,build_minutes,265,min,2026-10-05 04:58:02
B675B3AADF0B0BBA2CD0,ACC-1007,storage_gib_h,9265.556,GiB-h,2026-10-05 06:12:39
3213AE60CC21AF96833F,ACC-1024,api_requests,672096,request,2026-10-05 06:19:31
650BCD31560EF539C78F,ACC-1018,build_minutes,169,min,2026-10-05 06:27:37
9023BE39D8FBBCCA21C9,ACC-1015,egress_gb,68.457502,GB,2026-10-05 06:41:01
DC3A884A5AC91A784ED1,ACC-1033,build_minutes,37,min,2026-10-05 07:23:51
8B71DF2BB74FFE38A8DE,ACC-1007,storage_gib_h,12308.049,GiB-h,2026-10-05 07:23:52
CABBF41D95373801FA4E,ACC-1022,egress_gb,356.894205,GB,2026-10-05 07:36:50
0C959F7D28BF19FD570F,ACC-1019,build_minutes,128,min,2026-10-05 08:03:21
2E33A885103CF147C9C5,ACC-1007,build_minutes,691,min,2026-10-05 08:51:00
4EBD27069B6429244C6B,ACC-1031,build_minutes,81,min,2026-10-05 10:19:33
D7873379D385BA29D82D,ACC-1021,api_requests,41914,request,2026-10-05 10:26:42
D3CA0C39C220694FE061,ACC-1001,egress_gb,402.404882,GB,2026-10-05 10:33:02
8DC46AC058C221EFA90E,ACC-1039,build_minutes,137,min,2026-10-05 10:34:12
438C8B6176E7E5132F9D,ACC-1038,storage_gib_h,240.235,GiB-h,2026-10-05 11:35:12
2D6C38615C91C8F94563,ACC-1007,storage_gib_h,12345.151,GiB-h,2026-10-05 11:35:55
35744091C2A2D8574128,ACC-1028,api_requests,1060827,request,2026-10-05 11:52:33
ED59745C117D717C7D38,ACC-1017,api_requests,1042180,request,2026-10-05 12:26:27
EC4EA210E26FF1399379,ACC-1012,storage_gib_h,3700.799,GiB-h,2026-10-05 12:49:49
4C6AF813B5F55FC77758,ACC-1015,api_requests,130053,request,2026-10-05 12:59:29
22AAE62B07F6A0449F47,ACC-1015,api_requests,117362,request,2026-10-05 13:01:43
7210AD054B4D90DCA3A8,ACC-1028,api_requests,792561,request,2026-10-05 13:49:33
0BC63A8C3219E887EAEE,ACC-1031,build_minutes,57,min,2026-10-05 14:10:06
7FA5D61C7799A54CC5BB,ACC-1014,api_requests,13312,request,2026-10-05 14:40:22
1DCA09C40750D9A83A9A,ACC-1002,build_minutes,74,min,2026-10-05 15:37:17
B311BD55EF3EAF088627,ACC-1025,storage_gib_h,2534.096,GiB-h,2026-10-05 15:39:30
0EB7322E6455664F7DCD,ACC-1014,api_requests,11324,request,2026-10-05 15:39:39
5DF2FCA9716373163B3C,ACC-1003,build_minutes,144,min,2026-10-05 16:07:51
70233D5175D3CCEB1528,ACC-1009,storage_gib_h,1858.973,GiB-h,2026-10-05 16:33:01
098A25F78C79B9A8C63F,ACC-1028,storage_gib_h,11411.512,GiB-h,2026-10-05 17:27:37
4155ECEB6A250592F4C7,ACC-1027,build_minutes,171,min,2026-10-05 17:38:29
4BE74D6E3F2E6362B46D,ACC-1041,egress_gb,69.613473,GB,2026-10-05 17:43:47
D4842A1EAAEA8F827514,ACC-1010,build_minutes,237,min,2026-10-05 18:30:30
483E3098EDEB51230D59,ACC-1017,storage_gib_h,17872.174,GiB-h,2026-10-05 18:35:27
FE0E305BDDA713606E6E,ACC-1024,egress_gb,86.104353,GB,2026-10-05 18:36:16
474AF2A94FDC98B66F51,ACC-1003,api_requests,75212,request,2026-10-05 19:25:17
9F5880E066B15FA28BA5,ACC-1003,api_requests,127695,request,2026-10-05 19:34:39
063F0BDCA2A7A674C9E0,ACC-1021,api_requests,138642,request,2026-10-05 20:14:24
90A9084F7E0E5C7C8B98,ACC-1002,build_minutes,37,min,2026-10-05 21:03:26
FCCB46E716FDD147D2EA,ACC-1010,storage_gib_h,13273.159,GiB-h,2026-10-05 21:12:28
A87440C63399349F9B06,ACC-1011,egress_gb,5.405969,GB,2026-10-05 21:43:10
B9B963D814615ACE97A0,ACC-1008,build_minutes,120,min,2026-10-05 22:13:15
5C19619EA2AAFF91AEDA,ACC-1010,storage_gib_h,19113.076,GiB-h,2026-10-05 22:35:04
6767265304786A5B702E,ACC-1040,api_requests,4166,request,2026-10-05 22:51:56
BBD661EDFAF77992B560,ACC-1013,api_requests,144095,request,2026-10-05 23:29:43
406691C68C453E3131AC,ACC-0999,api_requests,684,request,2026-10-06 00:00:00
3DDBF052821795AA6B80,ACC-1041,build_minutes,78,min,2026-10-06 00:45:54
3E97D398C26E9BF466B4,ACC-1012,api_requests,53924,request,2026-10-06 00:48:58
4E43420171FBA27C6C6E,ACC-1042,build_minutes,47,min,2026-10-06 00:56:43
EC166575A360F39C4E39,ACC-1024,build_minutes,197,min,2026-10-06 01:26:00
041AF6344A347C5EBC5F,ACC-1028,egress_gb,84.062843,GB,2026-10-06 02:41:03
F724F3107F0D5F08C1F9,ACC-1030,egress_gb,60.432726,GB,2026-10-06 02:50:41
944E71786094C3843709,ACC-1013,build_minutes,158,min,2026-10-06 02:57:14
7E150B9EE269AD451830,ACC-1006,egress_gb,104.519156,GB,2026-10-06 03:57:22
8E41CA74249A13EBF2AC,ACC-1042,build_minutes,70,min,2026-10-06 03:59:20
F941DE1C1EC831D2144D,ACC-1021,build_minutes,170,min,2026-10-06 04:18:43
98479974ADD3BB73A771,ACC-1029,build_minutes,59,min,2026-10-06 04:33:36
FC7FDD68929A55C0BB8E,ACC-1028,storage_gib_h,9543.720,GiB-h,2026-10-06 04:56:40
73727D294262EDCD5FFE,ACC-1026,build_minutes,39,min,2026-10-06 05:03:19
9E51C3B6790FA3782DFF,ACC-1001,build_minutes,221,min,2026-10-06 05:08:30
6EC5E2A6D91E483AC775,ACC-1022,egress_gb,315.144912,GB,2026-10-06 05:10:48
C0EEB1C45DD8D14618D1,ACC-1023,api_requests,4834,request,2026-10-06 05:15:59
5ED74A8B32893A11A3AF,ACC-1007,api_requests,1177665,request,2026-10-06 05:51:10
96403F8AE13729C045B5,ACC-1002,egress_gb,92.897921,GB,2026-10-06 06:25:27
7E0C6CADECBA55F0242D,ACC-1009,api_requests,40371,request,2026-10-06 06:30:48
AB95BA4A969386BEA13A,ACC-1037,build_minutes,70,min,2026-10-06 06:40:16
D10506F83771BF1629A3,ACC-1005,storage_gib_h,860.984,GiB-h,2026-10-06 06:42:27
F345DD54FB4E67331BAF,ACC-1011,api_requests,38455,request,2026-10-06 08:07:06
8821CDDE5C90D8B12912,ACC-1013,build_minutes,166,min,2026-10-06 08:07:35
D69A344FB4F488E49C7C,ACC-1034,storage_gib_h,4668.409,GiB-h,2026-10-06 08:23:48
59B67ACDD3021EE3A0E5,ACC-1031,egress_gb,15.150093,GB,2026-10-06 08:34:54
F9FB14F3EB56A562BF8F,ACC-1028,build_minutes,465,min,2026-10-06 08:36:54
0F3A62DF7D4BA9E3D226,ACC-1001,build_minutes,278,min,2026-10-06 08:45:29
E4FA0A0EF7E36B9EA62A,ACC-1022,storage_gib_h,12408.054,GiB-h,2026-10-06 09:12:27
F5E95E98D900896F915C,ACC-1034,storage_gib_h,3160.947,GiB-h,2026-10-06 09:52:59
7087D1C8499CF23B417B,ACC-1024,build_minutes,585,min,2026-10-06 09:54:23
1B3DA6D1CF6C7EE13707,ACC-1005,api_requests,11863,request,2026-10-06 10:07:48
FFD03F7AA7E805A4E43E,ACC-1041,build_minutes,75,min,2026-10-06 10:09:22
02903ABFAB1851ECD944,ACC-1014,api_requests,12623,request,2026-10-06 10:19:48
E8527908F939B7DC4623,ACC-1010,storage_gib_h,14959.066,GiB-h,2026-10-06 10:26:54
BD6F9CF8AA75F325AD44,ACC-1014,api_requests,13850,request,2026-10-06 10:31:06
71E363143D3A0445885E,ACC-1001,api_requests,462942,request,2026-10-06 10:56:20
F86779DEFAAF8B23B181,ACC-1016,api_requests,10678,request,2026-10-06 11:31:12
D76E87146AF14D3E4D4E,ACC-1027,api_requests,26122,request,2026-10-06 11:33:45
6173676093D79D456937,ACC-1031,storage_gib_h,2760.806,GiB-h,2026-10-06 11:58:05
5498F7F69A848563048C,ACC-1034,api_requests,75195,request,2026-10-06 12:15:54
CB8419C62514D27FD729,ACC-1031,egress_gb,48.478723,GB,2026-10-06 13:08:45
132D8D2711771F0BF212,ACC-1019,build_minutes,126,min,2026-10-06 13:10:15
E001BE532AAF4EA94F7A,ACC-1007,api_requests,897919,request,2026-10-06 13:13:33
0155A20E57163BFFDD6C,ACC-1014,api_requests,7545,request,2026-10-06 14:17:47
8DAA3A7FDC2AC977490A,ACC-1038,build_minutes,63,min,2026-10-06 14:40:38
68C4EE1305EB2527A8A5,ACC-1013,egress_gb,37.276736,GB,2026-10-06 14:41:21
1D2D082FEAC4DD139E09,ACC-1038,build_minutes,46,min,2026-10-06 14:50:52
919F87C9979A9924BDCF,ACC-1033,build_minutes,63,min,2026-10-06 14:52:30
BDFB8B527FD68C0AA386,ACC-1022,api_requests,316945,request,2026-10-06 15:20:59
2CCFE6A92D216B11F6BD,ACC-1027,api_requests,151969,request,2026-10-06 15:49:59
406366539D4F4630CEDA,ACC-1035,build_minutes,58,min,2026-10-06 15:51:52
0A200A34092021F681FF,ACC-1015,egress_gb,86.585568,GB,2026-10-06 16:57:01
68A7155D893395783F78,ACC-1013,build_minutes,117,min,2026-10-06 17:08:23
8655E47801F35548D6C6,ACC-1036,storage_gib_h,80.641,GiB-h,2026-10-06 17:13:35
11BADB2D7A025B464473,ACC-1007,api_requests,1022465,request,2026-10-06 17:31:54
AE0AC71C491698ED318D,ACC-1017,api_requests,1009665,request,2026-10-06 17:33:00
BE9C7F8C98970A193D49,ACC-1008,egress_gb,73.047495,GB,2026-10-06 17:40:45
F4CD082631E4D53FCB47,ACC-1017,egress_gb,316.480886,GB,2026-10-06 17:58:11
9A55D5B2A6CF8CAE5E16,ACC-1032,build_minutes,5,min,2026-10-06 18:29:08
C325A3FBD6759B93762A,ACC-1035,api_requests,125515,request,2026-10-06 20:01:41
CDEF0C97AE8B7F580AB5,ACC-1002,storage_gib_h,3740.309,GiB-h,2026-10-06 20:35:23
4D93F850A058F5E72B44,ACC-1021,egress_gb,50.027389,GB,2026-10-06 20:41:24
6F607EC786BD10912AA4,ACC-1027,storage_gib_h,5137.039,GiB-h,2026-10-06 20:53:59
1F47FD2E062FFFB39D83,ACC-1024,build_minutes,385,min,2026-10-06 21:35:24
F85AD77A3EC07E68B7EE,ACC-1024,storage_gib_h,16708.974,GiB-h,2026-10-06 21:43:15
2C099D2ED4B65A7D0948,ACC-1018,egress_gb,94.176040,GB,2026-10-06 21:47:22
4AA1F712C7885F2E4877,ACC-1031,egress_gb,59.058870,GB,2026-10-06 21:47:36
283651F53B85ECBF9A71,ACC-1018,egress_gb,63.145006,GB,2026-10-06 22:06:28
07986C55E9152E6B48C6,ACC-1026,storage_gib_h,632.089,GiB-h,2026-10-06 22:41:30
6F631F6423FF055420D7,ACC-1041,api_requests,51279,request,2026-10-06 22:42:24
BF0ACBCAFC4667A0EAD3,ACC-1010,api_requests,966054,request,2026-10-06 22:54:26
19F27ECE1975C9091CD6,ACC-1016,storage_gib_h,451.333,GiB-h,2026-10-06 23:22:58
AECC7368F105B27DD390,ACC-1017,storage_gib_h,15621.430,GiB-h,2026-10-06 23:44:09
06D15BFE09B34AE38761,ACC-1022,egress_gb,114.743481,GB,2026-10-07 00:44:15
03D5DB5C288FF703B417,ACC-1034,api_requests,127112,request,2026-10-07 00:48:27
6FDFA368A070086CD24F,ACC-1023,api_requests,4814,request,2026-10-07 01:05:03
6107A5ACCB2C2AE3362B,ACC-1001,build_minutes,456,min,2026-10-07 02:32:32
CAE0A152871F75F6AEFE,ACC-1033,api_requests,4560,request,2026-10-07 02:43:14
921874DAFB9D2B58705E,ACC-1039,storage_gib_h,5035.827,GiB-h,2026-10-07 02:46:16
3BCE89613F18A8CD85E6,ACC-1007,storage_gib_h,10564.312,GiB-h,2026-10-07 02:48:50
57BB137D5B9FC12BC85B,ACC-1021,build_minutes,145,min,2026-10-07 02:53:30
6E994CC54DDA4D1A69E4,ACC-1024,storage_gib_h,17489.793,GiB-h,2026-10-07 03:04:20
169FA88649CB3C180CA6,ACC-1041,build_minutes,135,min,2026-10-07 03:19:17
2EB081951676C69B2291,ACC-1008,api_requests,117237,request,2026-10-07 03:46:12
95D6E70BB60C9BCBB83B,ACC-1038,egress_gb,9.865307,GB,2026-10-07 04:25:04
9D621FE276026C6471B5,ACC-1021,build_minutes,147,min,2026-10-07 04:28:18
85D798A43E0501ADA4F3,ACC-1008,storage_gib_h,2754.559,GiB-h,2026-10-07 04:37:05
0B969A92ABF10CEABBE6,ACC-1012,build_minutes,113,min,2026-10-07 04:46:19
E18DF7FB74FEF312CAEF,ACC-1001,storage_gib_h,19334.058,GiB-h,2026-10-07 05:00:23
FD954EA52AA83A07CC5F,ACC-1015,build_minutes,143,min,2026-10-07 05:41:24
DF45107685D0DA440CF2,ACC-1027,api_requests,74397,request,2026-10-07 05:45:24
E1C5A2D10B27EEB123F9,ACC-1035,storage_gib_h,4712.258,GiB-h,2026-10-07 06:02:59
01CEBEEC64793D5D5A4A,ACC-1040,build_minutes,51,min,2026-10-07 06:41:51
C128916ACA70F1FB09BF,ACC-1024,api_requests,1295613,request,2026-10-07 07:08:38
8424958D64BF6C4A0DC0,ACC-1022,storage_gib_h,19459.500,GiB-h,2026-10-07 07:49:06
2BC5B04E78E23E008EEC,ACC-1039,api_requests,95682,request,2026-10-07 07:52:24
3DD35BB1BE071C463DA1,ACC-1014,api_requests,11512,request,2026-10-07 07:56:05
DDE96599AD412DF32C1F,ACC-1017,egress_gb,414.843813,GB,2026-10-07 08:21:52
79D01C88C8B06FCEF3F4,ACC-1036,build_minutes,34,min,2026-10-07 09:08:44
260D06DCC5272CBF0B40,ACC-1015,storage_gib_h,4261.003,GiB-h,2026-10-07 09:30:21
7FB3D594D8E24F135B40,ACC-1028,api_requests,750232,request,2026-10-07 13:09:55
65183E41DCC4F5FA3E26,ACC-1035,api_requests,71001,request,2026-10-07 13:20:02
980FD95196FBF7DEEC2F,ACC-1037,storage_gib_h,527.950,GiB-h,2026-10-07 13:21:37
4D237A8C62F8185FF3F0,ACC-1026,api_requests,2124,request,2026-10-07 13:40:20
954E7A38CBB5944FBFE6,ACC-1013,api_requests,52252,request,2026-10-07 14:53:19
F740F2EADD49E084C8E0,ACC-1028,api_requests,349100,request,2026-10-07 14:54:41
15DDA6ECD2DC5AFF4507,ACC-1024,egress_gb,345.626071,GB,2026-10-07 15:46:22
A00AFB95F3200A3E5F94,ACC-1002,build_minutes,32,min,2026-10-07 17:13:25
34D7D8BA4C6911E6DD2D,ACC-1009,build_minutes,64,min,2026-10-07 17:40:44
D5A9B18F884971986B18,ACC-1001,egress_gb,157.065641,GB,2026-10-07 17:43:28
9B9F2CC9B20307EF554F,ACC-1022,build_minutes,453,min,2026-10-07 18:36:00
2D7F10B750E72B2BA58A,ACC-1022,egress_gb,252.213001,GB,2026-10-07 19:03:12
E0DE3DADE9163B18C7C2,ACC-1007,egress_gb,385.197074,GB,2026-10-07 19:50:31
9B8F948FBF425B2C87A5,ACC-1018,build_minutes,169,min,2026-10-07 20:42:54
4BCBBA044D8181C31A85,ACC-1004,api_requests,28174,request,2026-10-07 21:17:59
3E7E2CF97D9D2FA62F74,ACC-1001,api_requests,508839,request,2026-10-07 21:35:29
D929A34D2C1F366EBDC0,ACC-1010,build_minutes,519,min,2026-10-07 21:45:23
D212C563ECA833DCC67D,ACC-1025,egress_gb,63.139909,GB,2026-10-07 22:13:17
37DA3CE2A9085732645E,ACC-1006,api_requests,508489,request,2026-10-07 23:00:16
25E706CE8661EA56F490,ACC-0999,api_requests,880,request,2026-10-08 00:00:00
966B2676BA8B22883680,ACC-1019,build_minutes,138,min,2026-10-08 00:05:28
F2FC02F23085912ADA52,ACC-1037,api_requests,11109,request,2026-10-08 00:25:58
37EBCDD4C109CA860DE5,ACC-1007,api_requests,385957,request,2026-10-08 00:42:44
248DAF858D962AABC142,ACC-1028,storage_gib_h,12728.327,GiB-h,2026-10-08 00:54:48
C55AC9B33A18551A3ED9,ACC-1005,api_requests,5496,request,2026-10-08 01:00:56
BB52A6EF3AF75C8A350B,ACC-1024,build_minutes,184,min,2026-10-08 01:16:17
E86D728F3D9C7F13DA66,ACC-1006,api_requests,323561,request,2026-10-08 01:20:28
112468CD52B6220F26D1,ACC-1012,storage_gib_h,4395.983,GiB-h,2026-10-08 01:37:27
068F72D1EE701725B464,ACC-1015,egress_gb,94.745743,GB,2026-10-08 02:07:44
C9A9E629E0D355C850B1,ACC-1020,api_requests,11865,request,2026-10-08 02:46:04
22134399B0E52ACF2AC2,ACC-1007,storage_gib_h,9804.599,GiB-h,2026-10-08 03:51:47
9EB4AE4C08DCDDCC35DB,ACC-1007,storage_gib_h,10329.723,GiB-h,2026-10-08 04:12:55
EB7062B8A02E3EA675D9,ACC-1006,storage_gib_h,18845.719,GiB-h,2026-10-08 04:15:22
11D693D9BE45434539A9,ACC-1032,storage_gib_h,88.342,GiB-h,2026-10-08 04:23:30
F859B590DC16DDF098DA,ACC-1009,build_minutes,34,min,2026-10-08 04:42:48
4385B6C905CBFF31E27C,ACC-1024,egress_gb,335.529022,GB,2026-10-08 04:46:18
AFDC53D5EBC30D44FD4D,ACC-1017,egress_gb,101.551129,GB,2026-10-08 05:15:07
B8224300CD920A55648A,ACC-1028,api_requests,1218713,request,2026-10-08 05:16:44
0D7C8D49EAC37F13BDC5,ACC-1033,egress_gb,27.611959,GB,2026-10-08 05:38:45
D7418A1611D0D6EFB7C2,ACC-1030,egress_gb,85.840575,GB,2026-10-08 05:48:12
8C1775A2FCB4909C4B94,ACC-1012,api_requests,122892,request,2026-10-08 06:49:50
BDDF93BE9549EBE784B7,ACC-1002,api_requests,107809,request,2026-10-08 06:55:05
55D335A6FBD0B3DEEB3D,ACC-1001,build_minutes,143,min,2026-10-08 06:58:06
A7132ADF840C674E1F96,ACC-1037,api_requests,13808,request,2026-10-08 07:08:01
19E441A1FFF4E6936027,ACC-1030,storage_gib_h,3087.404,GiB-h,2026-10-08 07:59:54
D4942E56914F7118CA8B,ACC-1020,storage_gib_h,72.179,GiB-h,2026-10-08 08:01:18
8B0965296666A1B0140E,ACC-1028,build_minutes,246,min,2026-10-08 08:18:22
80FB9E80E78CF189B016,ACC-1017,build_minutes,479,min,2026-10-08 08:56:24
02AA6BEA87D18A0FC5CA,ACC-1034,api_requests,149107,request,2026-10-08 09:15:20
59487C18EF677780D353,ACC-1004,egress_gb,74.103741,GB,2026-10-08 09:24:45
290057D0D7175DB8D0BE,ACC-1022,api_requests,864288,request,2026-10-08 09:52:06
62757AEDFF0B0829F37F,ACC-1034,api_requests,23605,request,2026-10-08 11:23:54
23D87900C78E8F896FC0,ACC-1022,egress_gb,137.301061,GB,2026-10-08 11:34:26
7131D3A6DB89AA174B6A,ACC-1028,egress_gb,143.918280,GB,2026-10-08 11:47:42
AE4019AB2A2FB246F9D1,ACC-1035,egress_gb,81.691673,GB,2026-10-08 11:52:06
54DC7DB46CCE5D18F326,ACC-1031,egress_gb,82.935258,GB,2026-10-08 12:00:52
59D128D604646AF95777,ACC-1028,egress_gb,274.546711,GB,2026-10-08 13:20:54
E24CAE31648C16101951,ACC-1017,egress_gb,91.915317,GB,2026-10-08 13:27:24
0ADCDEB39ECAB947A33C,ACC-1002,api_requests,120823,request,2026-10-08 13:44:06
948ABFBD8A90DAE7BAAF,ACC-1019,api_requests,124575,request,2026-10-08 14:09:35
741F9F5603FCDBC4F489,ACC-1037,api_requests,7252,request,2026-10-08 14:29:50
CE1FD1F2D60E3B4A1361,ACC-1024,api_requests,874541,request,2026-10-08 14:34:25
F265699BFFF489274597,ACC-1031,api_requests,124168,request,2026-10-08 14:38:36
DFA32A7021D59EE8CA60,ACC-1037,api_requests,3066,request,2026-10-08 15:07:41
6E080071DE46EA8A7DAA,ACC-1038,api_requests,6372,request,2026-10-08 15:20:32
C75474CE6793F5300A74,ACC-1022,build_minutes,573,min,2026-10-08 16:22:23
4701870BF16255E50019,ACC-1007,api_requests,1094769,request,2026-10-08 16:31:48
7BDE873E892F2AA64120,ACC-1020,api_requests,5589,request,2026-10-08 16:44:31
91486BF1B22DE02FFA8E,ACC-1004,build_minutes,143,min,2026-10-08 17:07:40
654E3E826EFF20693A34,ACC-1024,egress_gb,262.103178,GB,2026-10-08 17:17:11
9D07746E7632A0A6321E,ACC-1025,storage_gib_h,2789.055,GiB-h,2026-10-08 18:06:55
119C51EE050670C95CC9,ACC-1001,egress_gb,372.887675,GB,2026-10-08 18:09:19
E7830F870B670EC80A80,ACC-1015,api_requests,156192,request,2026-10-08 18:12:22
41ABD022EB54370B19A6,ACC-1024,egress_gb,76.947838,GB,2026-10-08 19:09:07
E31187C5A884567B5432,ACC-1022,api_requests,365396,request,2026-10-08 19:28:34
EC20F76B3539A918F2E0,ACC-1016,build_minutes,30,min,2026-10-08 19:38:52
453D7F66E6F648447F2B,ACC-1001,api_requests,1081843,request,2026-10-08 20:29:21
C3C9A865914AEEA597E3,ACC-1032,build_minutes,10,min,2026-10-08 20:45:35
BCB0387516FDA62B3268,ACC-1022,api_requests,722461,request,2026-10-08 21:13:28
F22A2FD01053666F7A49,ACC-1007,egress_gb,412.483381,GB,2026-10-08 21:16:24
EF366DDEBCF192666BDC,ACC-1018,storage_gib_h,2797.969,GiB-h,2026-10-08 21:20:56
8743D8EA876BB33120D5,ACC-1005,build_minutes,26,min,2026-10-08 21:36:56
E4BBD54F380FF472A649,ACC-1005,build_minutes,15,min,2026-10-08 21:52:41
4357770316F6ACADBCA0,ACC-1024,storage_gib_h,12673.032,GiB-h,2026-10-08 22:30:20
D42BC901A078207ACC84,ACC-1037,storage_gib_h,164.158,GiB-h,2026-10-08 22:50:47
66FC05C88DCFB543681F,ACC-1036,storage_gib_h,91.309,GiB-h,2026-10-08 23:06:38
4F96F559E153A1B3E305,ACC-1016,api_requests,10134,request,2026-10-08 23:17:07
E2E69F7CEE454D5ADEDB,ACC-1035,storage_gib_h,4430.534,GiB-h,2026-10-08 23:18:14
58531E123447E4AFBFEF,ACC-1017,egress_gb,189.991700,GB,2026-10-08 23:19:27
2437FD5DF3F1D5A0BD75,ACC-1034,storage_gib_h,4338.210,GiB-h,2026-10-09 00:31:37
E9F0B33C0B6A9960A71F,ACC-1019,storage_gib_h,1923.825,GiB-h,2026-10-09 01:29:11
6DA22C36DC008E1185ED,ACC-1019,build_minutes,40,min,2026-10-09 01:39:04
131A13204CB1C52843EE,ACC-1017,build_minutes,446,min,2026-10-09 01:51:07
D5FB793EA301CCEE17EF,ACC-1027,api_requests,124583,request,2026-10-09 02:04:25
31F0F255F01D4CC196D2,ACC-1022,build_minutes,561,min,2026-10-09 02:20:36
4712B4953F1C1C2C01B0,ACC-1002,egress_gb,63.615121,GB,2026-10-09 02:51:22
8CCC735CE5DAA6C32199,ACC-1001,build_minutes,339,min,2026-10-09 02:56:55
553DD86DD22F039EC15B,ACC-1001,build_minutes,576,min,2026-10-09 03:08:54
98A4D2056B2ABEE853D5,ACC-1007,api_requests,830379,request,2026-10-09 03:12:27
8C94784D01D182CD3362,ACC-1041,egress_gb,16.043299,GB,2026-10-09 04:03:02
184463F8EAC209859AA5,ACC-1007,egress_gb,210.098096,GB,2026-10-09 04:08:30
306169EA3D964A094617,ACC-1024,api_requests,1167730,request,2026-10-09 04:19:42
61123EBD58B0F6BEA409,ACC-1034,build_minutes,110,min,2026-10-09 04:56:36
4AF770E1759CCA1E986E,ACC-1001,storage_gib_h,13405.599,GiB-h,2026-10-09 05:29:41
8ED819E33C8EB9C5EE14,ACC-1019,storage_gib_h,4534.824,GiB-h,2026-10-09 05:35:01
19F21B70E5332BC93184,ACC-1023,api_requests,4397,request,2026-10-09 05:50:49
F8688029565429E2936B,ACC-1022,api_requests,1179838,request,2026-10-09 06:06:05
2770A8798B060BB7D755,ACC-1001,egress_gb,342.676180,GB,2026-10-09 06:20:15
8B98C84F3A9858B19162,ACC-1028,api_requests,342529,request,2026-10-09 07:46:15
D1367421FF8672604BE3,ACC-1034,build_minutes,82,min,2026-10-09 08:00:06
EEAD7E624856CCA4D84F,ACC-1034,api_requests,59085,request,2026-10-09 08:40:08
27A2BCA261DFBB01D906,ACC-1022,storage_gib_h,17795.237,GiB-h,2026-10-09 08:59:53
D5C2267C252D03BF3054,ACC-1001,storage_gib_h,19146.247,GiB-h,2026-10-09 09:28:09
2E9058BEC733EB8CB055,ACC-1034,build_minutes,62,min,2026-10-09 09:44:16
ABDBE69E54A1E03F05C4,ACC-1028,build_minutes,231,min,2026-10-09 10:47:15
DD5CB66AE1D5B6A4BE1F,ACC-1020,api_requests,13521,request,2026-10-09 10:54:39
FE4CFF5184D56466FFCD,ACC-1018,api_requests,134198,request,2026-10-09 11:34:54
9CA1F6FAC3D60ECB3664,ACC-1018,build_minutes,37,min,2026-10-09 11:56:00
1131151BAFA3A86D47FD,ACC-1035,egress_gb,26.195555,GB,2026-10-09 12:25:47
CE429C55BFC76BA516E2,ACC-1012,egress_gb,20.091011,GB,2026-10-09 12:28:01
720E28F3A608E22FA66C,ACC-1022,egress_gb,238.710301,GB,2026-10-09 12:44:33
0DD5D394E2AFC6556156,ACC-1036,api_requests,8670,request,2026-10-09 14:35:49
653A9DD2193AA3F22650,ACC-1008,build_minutes,20,min,2026-10-09 15:04:39
FB921A1AF471B5645F79,ACC-1013,storage_gib_h,3151.977,GiB-h,2026-10-09 15:26:20
8C673401BBA7093CADC4,ACC-1001,api_requests,818779,request,2026-10-09 15:42:30
E84265304F83E405CFCF,ACC-1007,api_requests,1024473,request,2026-10-09 16:22:26
F326FD91B68F9704D4CE,ACC-1013,egress_gb,74.764492,GB,2026-10-09 16:28:04
C8CDCB8DD0C04D08DAA1,ACC-1021,egress_gb,50.330880,GB,2026-10-09 16:44:39
030E952C3B312600B6ED,ACC-1028,api_requests,470082,request,2026-10-09 17:09:34
EFC7E12E964E6FE4FB18,ACC-1017,build_minutes,183,min,2026-10-09 17:27:22
DB967AAD83B787230864,ACC-1006,api_requests,1024046,request,2026-10-09 17:29:34
95DDFED92BB75921F519,ACC-1006,api_requests,329167,request,2026-10-09 17:31:52
420CB0B038142193D07E,ACC-1014,egress_gb,15.385382,GB,2026-10-09 17:53:05
C394236F621F97F2D106,ACC-1021,storage_gib_h,2655.885,GiB-h,2026-10-09 18:07:54
E9D8D4F79428FB69CC53,ACC-1024,api_requests,640177,request,2026-10-09 18:26:46
74DC91F1475BE89C294A,ACC-1019,egress_gb,94.408841,GB,2026-10-09 18:42:36
02B5ACEB7025DA882E80,ACC-1010,api_requests,655682,request,2026-10-09 18:46:02
FAE0B4E201674C17EE8B,ACC-1025,egress_gb,49.675064,GB,2026-10-09 19:00:20
8F849C937162543B9729,ACC-1028,api_requests,680103,request,2026-10-09 19:05:40
19D87C80572442030D6D,ACC-1022,storage_gib_h,15679.638,GiB-h,2026-10-09 19:14:21
B74FC830F25EEC8BBFAC,ACC-1019,build_minutes,133,min,2026-10-09 19:15:58
7C3B5F95178B66628C0C,ACC-1041,egress_gb,59.719369,GB,2026-10-09 19:22:22
0600DE5183C6AE422D24,ACC-1011,build_minutes,57,min,2026-10-09 20:00:04
8C4D3A011D68647149A5,ACC-1036,egress_gb,23.031766,GB,2026-10-09 21:07:06
18DD659EDE41A13B73C7,ACC-1002,api_requests,123076,request,2026-10-09 21:32:23
7A7B83FCA992663FBA16,ACC-1035,storage_gib_h,4708.042,GiB-h,2026-10-09 22:09:02
397921FC4E905B8129CB,ACC-1012,storage_gib_h,3015.338,GiB-h,2026-10-09 22:27:59
8725F3B5355FE0C05DC7,ACC-1035,api_requests,56209,request,2026-10-09 22:34:11
3C773BAF15AA9FE65A34,ACC-1021,egress_gb,51.414222,GB,2026-10-09 22:56:50
9882C6A99866B9FE8C8D,ACC-1001,build_minutes,503,min,2026-10-09 22:58:55
AD7EA0BDF9CF45D2891D,ACC-1007,api_requests,624862,request,2026-10-09 23:06:28
F0866C50057B22839D31,ACC-1028,api_requests,679436,request,2026-10-10 00:37:16
CDF4905054E951FA5E87,ACC-1034,api_requests,127116,request,2026-10-10 00:54:03
2F6DF2E86856C08A182C,ACC-1013,storage_gib_h,3367.902,GiB-h,2026-10-10 00:57:43
E278981C7403A9C1C625,ACC-1010,storage_gib_h,12249.924,GiB-h,2026-10-10 01:33:02
8A76D00E5F3F5BA3CC8E,ACC-1010,api_requests,583238,request,2026-10-10 02:13:23
BDCCDC90B53432EA776F,ACC-1017,build_minutes,205,min,2026-10-10 02:15:10
E18B2016EFD10E5F7F0B,ACC-1030,api_requests,92327,request,2026-10-10 02:35:52
D92E260519B5395F32C8,ACC-1019,build_minutes,61,min,2026-10-10 03:10:45
99F27D764AEAC0C59354,ACC-1028,api_requests,714121,request,2026-10-10 03:10:51
91980099846B864FF452,ACC-1020,egress_gb,21.353647,GB,2026-10-10 03:15:59
09D0E5B6C3D9E7D9D3A2,ACC-1042,storage_gib_h,574.729,GiB-h,2026-10-10 03:37:40
FA033A71EF41B9610DB2,ACC-1028,api_requests,576840,request,2026-10-10 04:39:20
9CB2D4DFE8D2927858CA,ACC-1020,build_minutes,60,min,2026-10-10 04:43:33
909781FC7F738FF74D04,ACC-1038,api_requests,10259,request,2026-10-10 04:44:37
CCEB50C7694E52D60A16,ACC-1028,api_requests,870991,request,2026-10-10 04:47:46
DEC4A1E900DEE3CAEE98,ACC-1028,storage_gib_h,19503.463,GiB-h,2026-10-10 04:57:39
86302BD3D9B5A6B8452E,ACC-1013,storage_gib_h,2574.956,GiB-h,2026-10-10 05:22:22
DB078F8E915D4489BE5C,ACC-1012,api_requests,99043,request,2026-10-10 05:57:20
F52B6439791EFD390AFB,ACC-1031,build_minutes,117,min,2026-10-10 06:40:42
7EA79BCE6C6F9F3AE367,ACC-1035,egress_gb,67.618106,GB,2026-10-10 07:29:01
E932AC5D003E706E4C7C,ACC-1025,egress_gb,43.648283,GB,2026-10-10 07:31:14
88E5C5FBDCD642BAFA1C,ACC-1039,egress_gb,50.605979,GB,2026-10-10 07:54:52
0200EB3870BBC57FC622,ACC-1006,storage_gib_h,18437.829,GiB-h,2026-10-10 08:19:04
E3397EC98428DC939473,ACC-1009,storage_gib_h,3222.234,GiB-h,2026-10-10 09:47:10
E8830FF845E971AC6EDA,ACC-1039,api_requests,83752,request,2026-10-10 10:09:23
0CA9A1BFDAA716A148E5,ACC-1033,api_requests,6248,request,2026-10-10 10:18:06
4FD49CE8F2C1E0E25FA8,ACC-1030,build_minutes,149,min,2026-10-10 11:04:15
E7C1EC1AE765D4933842,ACC-1011,storage_gib_h,1536.220,GiB-h,2026-10-10 11:15:06
DC99C92AF7D6D0A9F1FE,ACC-1025,egress_gb,94.741405,GB,2026-10-10 11:38:13
8AD15658F04D3CC8CEFB,ACC-1038,api_requests,5107,request,2026-10-10 12:05:36
8FD1240C393E0F7C36A4,ACC-1018,egress_gb,5.030837,GB,2026-10-10 12:33:42
231B053B5AA04A1FE696,ACC-1012,api_requests,95322,request,2026-10-10 12:45:16
E2D7573030A5EDBAA98A,ACC-1006,egress_gb,113.049690,GB,2026-10-10 13:00:40
1ABD7845A6F034821306,ACC-1034,api_requests,32083,request,2026-10-10 13:28:17
7B859789A325206885DA,ACC-1007,build_minutes,577,min,2026-10-10 13:42:58
6A068FCB59738A505DDE,ACC-1034,storage_gib_h,4904.081,GiB-h,2026-10-10 13:48:34
E50170D28B425469F5D5,ACC-1004,build_minutes,44,min,2026-10-10 13:53:15
F94889D35453A4ED335A,ACC-1014,egress_gb,9.718433,GB,2026-10-10 14:21:38
D1BF67F3169797DE8F71,ACC-1033,storage_gib_h,86.645,GiB-h,2026-10-10 14:30:40
3A7777BEC3281AE3878A,ACC-1004,egress_gb,72.280311,GB,2026-10-10 14:34:03
75105827238157632B2D,ACC-1003,api_requests,33419,request,2026-10-10 14:41:34
5F880B559359248059FA,ACC-1004,build_minutes,82,min,2026-10-10 14:58:32
4773F864AAADCF09B3A0,ACC-1015,storage_gib_h,1667.354,GiB-h,2026-10-10 15:07:05
33D6E6C5AF24796EA764,ACC-1010,api_requests,941407,request,2026-10-10 15:09:03
35FB96903F49B9C50EA8,ACC-1022,egress_gb,335.765410,GB,2026-10-10 15:36:42
6091F2E799CED7BF507B,ACC-1024,build_minutes,506,min,2026-10-10 15:59:33
0C481B538523A83BB4AE,ACC-1009,build_minutes,156,min,2026-10-10 16:02:14
E7C1B029E51B0CD08FDA,ACC-1042,build_minutes,38,min,2026-10-10 16:08:21
B06CFCFBAAA5C108BD54,ACC-1030,egress_gb,21.028271,GB,2026-10-10 16:25:07
BF5E630F949268863465,ACC-1010,egress_gb,265.399318,GB,2026-10-10 16:27:22
31668417DAB380FB580D,ACC-1039,api_requests,47705,request,2026-10-10 16:41:55
547E47D8AD103BE225BB,ACC-1003,egress_gb,42.708160,GB,2026-10-10 17:01:53
1BEF108092E822A97ED9,ACC-1001,storage_gib_h,18592.211,GiB-h,2026-10-10 17:31:47
73B85CDEF8DB6CE270B8,ACC-1019,build_minutes,135,min,2026-10-10 17:43:44
F0AA46F9DD11C53D80D1,ACC-1015,storage_gib_h,2351.856,GiB-h,2026-10-10 18:15:02
DCF0AD9CE3CEAE0082FC,ACC-1004,storage_gib_h,3586.895,GiB-h,2026-10-10 18:35:51
4B342DCF7AD9759E3468,ACC-1010,api_requests,354272,request,2026-10-10 19:14:56
B8DB7A619D1F908DC0C4,ACC-1015,storage_gib_h,1834.868,GiB-h,2026-10-10 19:43:55
EBAFB9659B7814DE23B3,ACC-1041,egress_gb,47.280492,GB,2026-10-10 19:50:58
5E6CDD294E899074C903,ACC-1027,api_requests,33415,request,2026-10-10 20:01:47
5333C8D0596D0C31A006,ACC-1028,egress_gb,219.948247,GB,2026-10-10 20:16:41
F23FE629F2C1A7936717,ACC-1018,egress_gb,39.900415,GB,2026-10-10 20:36:33
B58BDB8BCE6F66A8F51C,ACC-1039,build_minutes,117,min,2026-10-10 20:41:22
AE104F29824ACE64E804,ACC-1022,egress_gb,72.076856,GB,2026-10-10 21:05:21
9FCD271D6BC03E7904A2,ACC-1006,storage_gib_h,11300.293,GiB-h,2026-10-10 21:18:08
FC260B4C2DF81433FBFC,ACC-1035,api_requests,91959,request,2026-10-10 21:38:16
CBA6623F7B48B8A14A7A,ACC-1032,build_minutes,57,min,2026-10-10 21:40:22
3BB94E49271A97B5A278,ACC-1019,api_requests,64588,request,2026-10-10 21:48:20
16F0C95FF63EFF33339F,ACC-1015,egress_gb,6.762030,GB,2026-10-10 21:52:29
AB902E8604EA1834D304,ACC-1007,build_minutes,189,min,2026-10-10 22:21:40
C425323924BEB70AD21B,ACC-1034,api_requests,71507,request,2026-10-10 22:26:31
387A2751FD7CE9C5502E,ACC-1012,egress_gb,22.149584,GB,2026-10-10 22:30:55
D64194185A0AAAF2B647,ACC-1032,api_requests,4999,request,2026-10-10 23:46:29
008DB1D7A29DD5EB18FB,ACC-1002,api_requests,37693,request,2026-10-11 00:06:28
C7A2A85BA346B06F1AB0,ACC-1022,storage_gib_h,12193.338,GiB-h,2026-10-11 00:24:16
03F0E00EB20EAB72D5FC,ACC-1009,storage_gib_h,2954.843,GiB-h,2026-10-11 01:00:32
235D4664CD981AFD0E19,ACC-1025,api_requests,112956,request,2026-10-11 01:42:23
21810F0F2070F198CED5,ACC-1030,build_minutes,74,min,2026-10-11 02:47:31
8EDC09C33981CE575973,ACC-1013,storage_gib_h,1917.599,GiB-h,2026-10-11 03:28:38
56B75C2404302193CE54,ACC-1010,storage_gib_h,9954.051,GiB-h,2026-10-11 03:31:14
04F1D62D8BCA971AAD4C,ACC-1041,api_requests,49391,request,2026-10-11 03:53:28
145B61959E8BC982B7D5,ACC-1006,egress_gb,84.746671,GB,2026-10-11 04:06:22
44A8EC793BD009844579,ACC-1001,api_requests,625722,request,2026-10-11 04:12:51
6040DC50CB0C98C6B0FF,ACC-1035,api_requests,131967,request,2026-10-11 04:24:17
261F38664C371E8ACF0B,ACC-1002,api_requests,21458,request,2026-10-11 05:59:41
088DC02095B74D7A5B95,ACC-1039,storage_gib_h,2860.890,GiB-h,2026-10-11 07:06:46
D8A83D9C6D970478F1B6,ACC-1010,api_requests,1033031,request,2026-10-11 07:19:55
6958D99E1F6E811AC0AA,ACC-1031,build_minutes,160,min,2026-10-11 07:42:28
6305829F80C8453A0252,ACC-1004,storage_gib_h,4241.266,GiB-h,2026-10-11 07:57:35
4F5FECC33C9DEC7803BD,ACC-1017,build_minutes,115,min,2026-10-11 08:24:24
F3C7FF538AD3678C0D81,ACC-1011,egress_gb,22.656053,GB,2026-10-11 08:31:42
3288211D11FD33E56E9D,ACC-1004,build_minutes,76,min,2026-10-11 08:49:19
CF8D19F6E50716513AC2,ACC-1012,build_minutes,112,min,2026-10-11 09:38:29
887DA00D4B3B04AD8B90,ACC-1007,api_requests,1052221,request,2026-10-11 09:52:45
20E330A7909E4BB043A3,ACC-1022,api_requests,1198336,request,2026-10-11 09:56:21
269C081812A689F84D04,ACC-1027,egress_gb,92.360140,GB,2026-10-11 10:17:11
55D5533700B966F3C090,ACC-1019,build_minutes,145,min,2026-10-11 10:39:26
9663C13D3398FCA195C5,ACC-1021,api_requests,120774,request,2026-10-11 11:48:14
D7F1A9D6B84AB18836CF,ACC-1013,api_requests,91470,request,2026-10-11 11:58:16
98817410F5D2828155E8,ACC-1003,api_requests,35189,request,2026-10-11 12:04:45
F1AD076B9AB86C0CB96A,ACC-1017,build_minutes,615,min,2026-10-11 12:04:56
3E7A3B6E871FF2E24F4E,ACC-1028,storage_gib_h,19652.928,GiB-h,2026-10-11 12:08:48
AF32A2FAFB17D6DCADC6,ACC-1028,storage_gib_h,20454.709,GiB-h,2026-10-11 12:32:49
2B4DA5EA89E620792EAF,ACC-1009,egress_gb,73.444092,GB,2026-10-11 12:44:50
44317D9553FBB3D948CA,ACC-1041,api_requests,113592,request,2026-10-11 12:57:09
A1D3E5A98A6C4EFECCCE,ACC-1026,egress_gb,23.309181,GB,2026-10-11 13:15:25
5DBF385C3936F8DCB85E,ACC-1001,egress_gb,410.936162,GB,2026-10-11 14:05:45
D34CDA7EFCFAF77931E6,ACC-1036,build_minutes,50,min,2026-10-11 14:49:13
6BD53F0EA89C9DA9E933,ACC-1026,api_requests,10682,request,2026-10-11 15:07:50
3A8E860A6F134C04839E,ACC-1042,api_requests,8881,request,2026-10-11 15:30:29
7F52A7C2434AB4875CEA,ACC-1026,storage_gib_h,782.922,GiB-h,2026-10-11 15:38:08
D882AA92E3C64ABAB0DC,ACC-1039,api_requests,141152,request,2026-10-11 15:59:48
5DC252D3D21728B943FB,ACC-1034,build_minutes,129,min,2026-10-11 16:01:41
B3F13E26957C196C1349,ACC-1025,api_requests,124193,request,2026-10-11 16:03:22
6A57426B578B7202B7DD,ACC-1017,storage_gib_h,9347.066,GiB-h,2026-10-11 16:06:26
C4570073890B18DCE8E2,ACC-1019,api_requests,25319,request,2026-10-11 16:54:47
B03CE452B1F127D4EDBF,ACC-1028,build_minutes,511,min,2026-10-11 17:05:09
7F4CAE2197FAC4EBDC82,ACC-1024,build_minutes,202,min,2026-10-11 17:50:12
BF34F3B8F373ED7919C0,ACC-1028,storage_gib_h,11270.086,GiB-h,2026-10-11 17:53:03
CAAB2269134E579CE6CE,ACC-1028,build_minutes,584,min,2026-10-11 18:09:45
94FBE6B2C6659BA9A690,ACC-1032,api_requests,13972,request,2026-10-11 18:24:37
E8A80EA8E68AC43E0D1C,ACC-1012,api_requests,96049,request,2026-10-11 18:36:12
0F98D553C5F0F3EC4AB9,ACC-1022,storage_gib_h,20625.517,GiB-h,2026-10-11 18:44:46
E0C4DDE4DD90BDE2D20F,ACC-1030,storage_gib_h,3933.107,GiB-h,2026-10-11 18:58:55
AAAF87A74DAD356C6C55,ACC-1024,egress_gb,270.418713,GB,2026-10-11 19:05:42
27598D168DAF61A2AD81,ACC-1004,api_requests,131352,request,2026-10-11 19:12:50
51E1954A132540D8998B,ACC-1041,build_minutes,73,min,2026-10-11 19:21:28
762B399DD5E6266132DE,ACC-1001,api_requests,987732,request,2026-10-11 19:43:15
0D7088CA716403D50416,ACC-1014,build_minutes,50,min,2026-10-11 20:09:47
9D6B5BECBD792A8E6B2F,ACC-1037,storage_gib_h,543.087,GiB-h,2026-10-11 20:14:15
CD757F3A1728FB8C59EE,ACC-1004,storage_gib_h,2990.164,GiB-h,2026-10-11 20:21:09
49545B13490B6D81CF74,ACC-1001,build_minutes,412,min,2026-10-11 21:06:46
03735D83FE8F02710BC1,ACC-1033,egress_gb,17.428196,GB,2026-10-11 23:37:51
48D03D206900FBB8F721,ACC-1041,build_minutes,24,min,2026-10-11 23:56:20
2FA466295B6CBC5BBA05,ACC-0999,api_requests,183,request,2026-10-12 00:00:00
036DA3135B563438D206,ACC-1001,build_minutes,638,min,2026-10-12 00:03:47
0AEA93A15B8D43AB2C47,ACC-1008,build_minutes,177,min,2026-10-12 00:15:14
2477B50263352952CAAE,ACC-1032,api_requests,13647,request,2026-10-12 00:23:38
FA2758B38D8241BE3AFC,ACC-1035,storage_gib_h,4634.328,GiB-h,2026-10-12 00:29:48
93094E4E42E46EEFF1EC,ACC-1028,egress_gb,98.429293,GB,2026-10-12 00:29:51
031FE389575EBA307461,ACC-1025,egress_gb,37.702591,GB,2026-10-12 00:34:55
79A0FDED8701A8D255C7,ACC-1042,storage_gib_h,482.590,GiB-h,2026-10-12 00:44:26
D2284564966CE8B83CAE,ACC-1006,build_minutes,190,min,2026-10-12 01:43:51
BC20D0782E5A1354CC25,ACC-1010,build_minutes,676,min,2026-10-12 01:45:52
2F1B22C971435A554282,ACC-1017,api_requests,828831,request,2026-10-12 02:57:40
EF29404022772136A9B1,ACC-1009,build_minutes,165,min,2026-10-12 03:08:20
8AF53D1C8F2EC35B64D4,ACC-1006,api_requests,796137,request,2026-10-12 03:52:54
90D1AA30BF6491AB269E,ACC-1015,storage_gib_h,1894.994,GiB-h,2026-10-12 03:54:21
C3A5EFEDA7A2EF809A1F,ACC-1034,storage_gib_h,3670.031,GiB-h,2026-10-12 04:04:53
55474DE33226B0D92F7D,ACC-1009,api_requests,22846,request,2026-10-12 04:58:44
00C49C066609B620D21A,ACC-1032,storage_gib_h,411.995,GiB-h,2026-10-12 05:37:40
266B7328F5F29BAF58D6,ACC-1001,egress_gb,309.784411,GB,2026-10-12 06:08:38
1F312736CA163A0838D5,ACC-1037,api_requests,3437,request,2026-10-12 07:41:19
8C291C8946EBC0746EB9,ACC-1006,build_minutes,324,min,2026-10-12 08:03:20
8B0BB1BFA44DD4631CE0,ACC-1018,egress_gb,70.543473,GB,2026-10-12 08:33:42
67CB50FB9D1DD6B5ACC3,ACC-1009,api_requests,44015,request,2026-10-12 08:39:51
68F4A222A6404D17F3D9,ACC-1008,egress_gb,89.522418,GB,2026-10-12 09:22:18
B0E79F475E52E754D139,ACC-1007,egress_gb,292.790896,GB,2026-10-12 09:23:21
5E3004B047C58CD7DADF,ACC-1025,build_minutes,168,min,2026-10-12 09:23:31
AABA352831CD43C1B292,ACC-1013,egress_gb,43.465299,GB,2026-10-12 09:24:42
7BD16E7D0D2ED09782F1,ACC-1004,build_minutes,115,min,2026-10-12 09:25:34
B3B806637F01D0278039,ACC-1007,build_minutes,170,min,2026-10-12 10:00:54
CD81A52139B9C1D2BA9E,ACC-1025,api_requests,44958,request,2026-10-12 10:03:54
82BDA777EAD224A075BD,ACC-1039,api_requests,87846,request,2026-10-12 10:40:56
0D1EC426FB849B5905EA,ACC-1009,build_minutes,129,min,2026-10-12 10:49:08
2E21E8736B905EBB5A06,ACC-1038,storage_gib_h,783.474,GiB-h,2026-10-12 11:17:25
8D53567DFEB83FE1F38D,ACC-1034,storage_gib_h,4419.038,GiB-h,2026-10-12 12:42:33
6D958E44F286A39E357D,ACC-1028,build_minutes,137,min,2026-10-12 12:44:18
485D14A086D0FF588D35,ACC-1010,api_requests,830016,request,2026-10-12 12:45:25
01DE2BEF031EEA98CE7B,ACC-1030,storage_gib_h,2848.636,GiB-h,2026-10-12 12:47:45
ECE108A2376CDDD06BC3,ACC-1008,egress_gb,89.786530,GB,2026-10-12 13:18:15
353370238646E60762FE,ACC-1030,api_requests,25137,request,2026-10-12 13:22:15
835FE4FB8D415DAF9C22,ACC-1028,build_minutes,696,min,2026-10-12 13:47:18
EFF199AE448B44E7FB5E,ACC-1001,build_minutes,183,min,2026-10-12 13:55:31
FA06337F923F275430AA,ACC-1033,egress_gb,13.165738,GB,2026-10-12 15:00:28
D1AB45ECD979F87FDD17,ACC-1002,api_requests,37011,request,2026-10-12 15:28:27
F3AFD236D6B6AC5A5DC3,ACC-1011,build_minutes,83,min,2026-10-12 15:35:48
519D3D1C4BE9F75B4E22,ACC-1019,api_requests,103796,request,2026-10-12 15:47:00
865CF0FCF684F7D65C63,ACC-1002,storage_gib_h,4824.542,GiB-h,2026-10-12 16:19:15
D8113F4CD354DD77D97C,ACC-1011,egress_gb,61.889592,GB,2026-10-12 16:39:56
FAC89F0C83E0719A4312,ACC-1030,storage_gib_h,1569.141,GiB-h,2026-10-12 17:22:09
BB9FFBFF02BEAFDF2A21,ACC-1012,build_minutes,29,min,2026-10-12 17:55:27
B9FA82BC07ADB221644C,ACC-1021,api_requests,102545,request,2026-10-12 18:04:01
7A215C798917171C22FB,ACC-1002,build_minutes,53,min,2026-10-12 18:18:51
8B20E97F44CEA6599935,ACC-1017,api_requests,497915,request,2026-10-12 18:32:36
55FB638FED97928DE6FC,ACC-1027,build_minutes,67,min,2026-10-12 18:35:15
B16E7B16B4BD19301106,ACC-1017,api_requests,528346,request,2026-10-12 18:48:24
60E3265C60FDA3A6AAF2,ACC-1004,egress_gb,32.746980,GB,2026-10-12 20:18:37
16150A5AF3D99B0C2C3F,ACC-1007,build_minutes,527,min,2026-10-12 20:40:26
56433B92F436F3436C69,ACC-1013,api_requests,96397,request,2026-10-12 20:45:12
2F826DDD752F7DAE9D5B,ACC-1008,api_requests,111722,request,2026-10-12 20:59:32
3FF3CAA0C40BC980FB13,ACC-1011,build_minutes,81,min,2026-10-12 21:03:33
9630C509D7E7A3809AB0,ACC-1012,api_requests,67343,request,2026-10-12 21:40:54
7A0B6460DC0F4D557FD5,ACC-1025,api_requests,110823,request,2026-10-12 21:59:24
F29B9BC01B4F63CCF7E7,ACC-1009,build_minutes,161,min,2026-10-12 22:03:18
D782DF62F35704036AEE,ACC-1018,api_requests,123234,request,2026-10-12 22:08:23
80EAACE357B86A457B86,ACC-1017,egress_gb,395.007842,GB,2026-10-12 23:01:25
D5FAF42BE296B215DF5E,ACC-1021,egress_gb,12.725998,GB,2026-10-12 23:10:23
D51CC70F3F9EB1570F8F,ACC-1029,build_minutes,8,min,2026-10-12 23:23:27
653E0C46EB2129BF1567,ACC-1041,egress_gb,21.220598,GB,2026-10-12 23:25:17
54619E80F67886AECAE4,ACC-1010,build_minutes,352,min,2026-10-12 23:29:46
4C10F279BEB1044F051B,ACC-1028,egress_gb,252.686459,GB,2026-10-12 23:40:54
407A508CA506230CB585,ACC-1027,storage_gib_h,4489.415,GiB-h,2026-10-12 23:53:10
ECFD1E9CB20DC46F7D0A,ACC-1036,build_minutes,18,min,2026-10-13 00:08:42
D49E7013D6D0F00CF842,ACC-1019,build_minutes,34,min,2026-10-13 00:34:26
D6FB162A82D3A8ED9EC9,ACC-1008,api_requests,71302,request,2026-10-13 01:41:53
049713657C261BCBA271,ACC-1027,build_minutes,37,min,2026-10-13 01:59:42
61D775B55A86F650F3DF,ACC-1009,api_requests,30095,request,2026-10-13 02:23:01
4725239628AD7B34A0E3,ACC-1026,api_requests,7543,request,2026-10-13 02:49:26
9CF721DAB0B8B63F42DA,ACC-1030,build_minutes,36,min,2026-10-13 03:14:49
C0F7EA0819F45A75BB0B,ACC-1010,api_requests,508840,request,2026-10-13 03:44:17
866875AB451198CE31D5,ACC-1024,api_requests,374952,request,2026-10-13 03:49:35
008B3E5DB4D69573BB3F,ACC-1012,storage_gib_h,4200.490,GiB-h,2026-10-13 03:49:46
7F1FFD180EC8E4F671FB,ACC-1025,api_requests,54887,request,2026-10-13 04:37:32
18D9BE3A47078F848318,ACC-1037,egress_gb,4.346567,GB,2026-10-13 04:39:55
0D6661A7BEA41766FDF8,ACC-1028,api_requests,493822,request,2026-10-13 04:48:05
7B3C91E9F68D579A6CCB,ACC-1035,build_minutes,53,min,2026-10-13 04:56:39
42B4C1A4A47A9C17F595,ACC-1016,api_requests,11308,request,2026-10-13 05:03:34
2A6894FB78263E280605,ACC-1030,egress_gb,5.718723,GB,2026-10-13 05:47:15
EAB65123A872329D66D7,ACC-1031,build_minutes,33,min,2026-10-13 07:14:52
828F1475872A71A2373F,ACC-1005,api_requests,12196,request,2026-10-13 07:16:50
2DF09D23BEA7D64AD590,ACC-1008,build_minutes,146,min,2026-10-13 07:21:10
E7A5E8C07DD7928FA68B,ACC-1028,egress_gb,326.003760,GB,2026-10-13 07:31:53
AE1FC6A6A559FF290004,ACC-1010,build_minutes,353,min,2026-10-13 07:41:29
783C99F776B6B67CF210,ACC-1013,api_requests,150893,request,2026-10-13 08:21:27
A68A4952525D70A1B45F,ACC-1009,api_requests,68334,request,2026-10-13 08:29:57
FE223B6774D4985A5EAF,ACC-1021,api_requests,51597,request,2026-10-13 08:42:48
C652F878DC638BCD22C6,ACC-1034,api_requests,93781,request,2026-10-13 09:32:51
075E08AA17F99FE70688,ACC-1022,build_minutes,348,min,2026-10-13 09:41:30
F0C1BD6E362694388E4D,ACC-1001,api_requests,1141820,request,2026-10-13 09:43:13
6F707AA69223EC688BFC,ACC-1012,egress_gb,32.550770,GB,2026-10-13 10:13:38
8FEACEDFEFA57CAA9E90,ACC-1031,storage_gib_h,4166.081,GiB-h,2026-10-13 12:07:26
E2E717ACBB9A59FC32D2,ACC-1012,api_requests,62917,request,2026-10-13 12:12:13
3FF87333EB355E3EAE5D,ACC-1030,storage_gib_h,4533.879,GiB-h,2026-10-13 12:16:00
B91CB43AF4EA6DF9DD2B,ACC-1018,api_requests,55948,request,2026-10-13 12:34:01
A897BEE95F4DE5D33E29,ACC-1027,build_minutes,77,min,2026-10-13 13:13:05
73AA01FC901CF8AA4031,ACC-1022,build_minutes,201,min,2026-10-13 13:17:30
337C9C4AFBCECA320CD7,ACC-1006,api_requests,1026614,request,2026-10-13 13:47:44
A1636736CD9CE4F8122D,ACC-1028,egress_gb,238.736519,GB,2026-10-13 14:23:27
F8B563B651BE6E28BF62,ACC-1007,api_requests,395508,request,2026-10-13 15:16:08
58CA4AB44EAB631EF574,ACC-1011,build_minutes,29,min,2026-10-13 15:45:35
A80ACC84941E59AC2D5D,ACC-1034,api_requests,92581,request,2026-10-13 16:01:14
FABD951116E38952327E,ACC-1007,storage_gib_h,15269.401,GiB-h,2026-10-13 16:17:39
E7D77505FCD53FC99ACD,ACC-1042,api_requests,7078,request,2026-10-13 16:30:57
CEEBC529927EFF39B2FF,ACC-1001,egress_gb,114.996888,GB,2026-10-13 17:05:14
52937009F061D2AB935E,ACC-1001,build_minutes,619,min,2026-10-13 17:55:13
B4CA3D89823B8F8A4439,ACC-1040,api_requests,13384,request,2026-10-13 18:45:04
B99AD70633B264CDC008,ACC-1007,storage_gib_h,13677.806,GiB-h,2026-10-13 19:26:27
238976F61CE45E4E71BD,ACC-1039,api_requests,78268,request,2026-10-13 20:43:41
6E2021D2A6D3583D6221,ACC-1007,build_minutes,125,min,2026-10-13 20:46:12
86661D1149007DE56426,ACC-1010,storage_gib_h,9112.443,GiB-h,2026-10-13 21:32:28
429F4711B44C5241A0AB,ACC-1019,egress_gb,93.682201,GB,2026-10-13 21:39:34
296B614882A451E0CEFC,ACC-1002,api_requests,56270,request,2026-10-13 21:44:10
98E0BEF3DB14C517F5D4,ACC-1006,api_requests,419603,request,2026-10-13 21:55:04
25AC5A1383CBE943F316,ACC-1041,build_minutes,64,min,2026-10-13 22:05:09
43075008D9CC18A269C1,ACC-1029,egress_gb,21.351890,GB,2026-10-13 22:51:57
60BB94D0A36705D6D368,ACC-1039,api_requests,109475,request,2026-10-13 23:14:22
00D2B02BCDE92B8DB022,ACC-1013,build_minutes,34,min,2026-10-13 23:48:11
1EA7B828CEB7070C0CFE,ACC-1004,egress_gb,15.088967,GB,2026-10-14 00:24:13
3B44A84450318EE0DCD8,ACC-1030,egress_gb,65.621670,GB,2026-10-14 00:50:54
CA4D8974EAD686F3506C,ACC-1011,storage_gib_h,4261.299,GiB-h,2026-10-14 01:00:22
FDE1CE3403810AC9BD9A,ACC-1007,egress_gb,35.726964,GB,2026-10-14 01:03:06
1956149F7485B469542B,ACC-1005,storage_gib_h,3360.996,GiB-h,2026-10-14 01:04:45
7FEA59D931B0C1F584C4,ACC-1004,egress_gb,85.788222,GB,2026-10-14 01:06:54
69E6EFA8F5EEC1BEA1E5,ACC-1013,storage_gib_h,3058.571,GiB-h,2026-10-14 01:12:22
6C6F34C56F8D8C21EBBF,ACC-1008,egress_gb,59.359975,GB,2026-10-14 01:17:46
48449E5DF49837329988,ACC-1017,egress_gb,41.245776,GB,2026-10-14 01:21:36
A7972594FDDA02EEAA2C,ACC-1012,api_requests,117711,request,2026-10-14 01:27:19
242C9EF1C0455A26C158,ACC-1002,api_requests,88025,request,2026-10-14 01:29:43
19B7778E0DCB6F3D3B5F,ACC-1032,build_minutes,70,min,2026-10-14 01:35:07
ED11F59C051715592233,ACC-1033,build_minutes,65,min,2026-10-14 01:41:42
4A63A12C2314A327DE5C,ACC-1009,build_minutes,72,min,2026-10-14 01:48:11
1E91BB79EDAA5D31D79B,ACC-1007,storage_gib_h,2793.421,GiB-h,2026-10-14 01:49:43
3011F3F7368CD666B0C3,ACC-1009,storage_gib_h,2045.745,GiB-h,2026-10-14 01:53:26
875FC6DE4A24C400C0CB,ACC-1004,storage_gib_h,3581.392,GiB-h,2026-10-14 01:55:07
A7F74C9685698613B635,ACC-1011,api_requests,51866,request,2026-10-14 01:58:39
82F0C9570F92F4F0D416,ACC-1009,api_requests,76812,request,2026-10-14 01:59:26
34979DCE3E510AB48B3D,ACC-1012,egress_gb,36.260878,GB,2026-10-14 02:06:01
308765017ADF02014EC9,ACC-1018,api_requests,43680,request,2026-10-14 02:06:29
AEB20A8D3F525A4612DF,ACC-1003,storage_gib_h,2884.784,GiB-h,2026-10-14 02:06:57
91A2FC70E8E927AD36D4,ACC-1007,api_requests,114191,request,2026-10-14 02:14:09
3926C2B9B0124E83BBBC,ACC-1013,egress_gb,31.449521,GB,2026-10-14 02:15:31
B7704C7BD0BB1440ED9C,ACC-1017,storage_gib_h,1606.684,GiB-h,2026-10-14 02:17:10
18F93D1954EC7BFEC7D7,ACC-1010,api_requests,46451,request,2026-10-14 02:21:23
248819E27227465DD4D5,ACC-1006,api_requests,75058,request,2026-10-14 02:22:18
48702DD23BB00F4E2928,ACC-1006,egress_gb,55.425448,GB,2026-10-14 02:26:10
8C1E33703700EC22F456,ACC-1003,egress_gb,78.997565,GB,2026-10-14 02:28:58
EC1EF67CC46B27CF6B41,ACC-1005,egress_gb,48.383099,GB,2026-10-14 02:32:13
41916015087BE9C7DE77,ACC-1001,storage_gib_h,3927.980,GiB-h,2026-10-14 02:32:43
5668C9D511EB0D976C5F,ACC-1041,build_minutes,171,min,2026-10-14 02:33:26
0E624D40C43A05D69598,ACC-1002,egress_gb,88.175004,GB,2026-10-14 02:34:35
2E40CC4E002D76E76D49,ACC-1002,storage_gib_h,2720.629,GiB-h,2026-10-14 02:36:17
934056BEC7D2C1FB3098,ACC-1008,api_requests,150113,request,2026-10-14 02:36:28
7ACF54A0B488B9E7F5F8,ACC-1006,storage_gib_h,3210.278,GiB-h,2026-10-14 02:44:48
8669DA81B562003679E9,ACC-1013,api_requests,76793,request,2026-10-14 02:45:19
FCCECC92FF3FEEC7ED95,ACC-1003,api_requests,73377,request,2026-10-14 02:46:22
899F1BC03415E1243118,ACC-1005,api_requests,130473,request,2026-10-14 02:46:51
1C8CAFBD4D83D762410F,ACC-1010,egress_gb,55.648889,GB,2026-10-14 02:47:20
70455F7D75C859DCFF87,ACC-1016,storage_gib_h,2997.419,GiB-h,2026-10-14 02:47:30
0338E6B4ADDA76180A93,ACC-1018,storage_gib_h,1770.362,GiB-h,2026-10-14 02:52:52
A3E52E058A8868EF6EC3,ACC-1016,api_requests,109870,request,2026-10-14 02:53:54
90774877245C834BFECF,ACC-1016,api_requests,12502,request,2026-10-14 02:55:15
F24404B4634903F982FE,ACC-1015,egress_gb,78.763622,GB,2026-10-14 02:58:30
87D8B7B921577A9ABD81,ACC-1012,storage_gib_h,3612.765,GiB-h,2026-10-14 02:59:33
37CC087342A6EAA763C1,ACC-1004,api_requests,36586,request,2026-10-14 03:04:14
3537D0DED476C0EFED0D,ACC-1014,storage_gib_h,3457.099,GiB-h,2026-10-14 03:06:05
8F2BA55F867B4D174BD2,ACC-1018,egress_gb,30.057563,GB,2026-10-14 03:11:47
814399DB78F372E2995B,ACC-1015,api_requests,24819,request,2026-10-14 03:11:58
8602F1B80730C7592618,ACC-1008,storage_gib_h,1706.726,GiB-h,2026-10-14 03:14:43
027BDE2C0674CB687729,ACC-1029,api_requests,11996,request,2026-10-14 03:16:16
87B4147B5F413CC09F19,ACC-1014,api_requests,106444,request,2026-10-14 03:18:56
1A01FB1C55B81C6F8088,ACC-1015,storage_gib_h,3077.221,GiB-h,2026-10-14 03:19:49
2A28BBA478D08F1E19E8,ACC-1014,egress_gb,47.122676,GB,2026-10-14 03:22:44
53F14CBDE4049321882A,ACC-1016,egress_gb,49.357490,GB,2026-10-14 03:23:34
6D4776A9942E1A712F22,ACC-1017,api_requests,64113,request,2026-10-14 03:23:56
775410A90277F66FEFBF,ACC-1009,egress_gb,63.720318,GB,2026-10-14 03:29:15
18414EFB44A8E55FD93D,ACC-1011,egress_gb,92.946397,GB,2026-10-14 03:31:22
0FFCFC0EA89815B8B231,ACC-1010,storage_gib_h,2244.728,GiB-h,2026-10-14 03:32:08
6B8487EA9C7095F04D4E,ACC-1001,api_requests,144202,request,2026-10-14 03:36:17
0C74A5FFFDEF4ED35160,ACC-1001,egress_gb,63.393572,GB,2026-10-14 03:37:23
1FE0EE9B04C5D8BD4D27,ACC-1039,egress_gb,64.122502,GB,2026-10-14 04:01:12
30946133B78322A5B31B,ACC-1028,storage_gib_h,10269.737,GiB-h,2026-10-14 04:26:59
02FD3D9E6E7F9DE3765D,ACC-1007,storage_gib_h,15135.909,GiB-h,2026-10-14 05:26:02
D7581CE21AFCC4E49C27,ACC-1040,build_minutes,12,min,2026-10-14 05:37:16
DFBB3D9B83784A12C708,ACC-1041,egress_gb,51.225453,GB,2026-10-14 06:06:42
D01DEC14179464EC4A76,ACC-1003,egress_gb,68.281106,GB,2026-10-14 06:10:50
B0964ED19E52F21BF504,ACC-1011,build_minutes,28,min,2026-10-14 07:02:58
BD1A1309F5E6B429E35F,ACC-1027,egress_gb,67.304987,GB,2026-10-14 07:11:58
C1DDCE61249A2DBA3EA7,ACC-1008,api_requests,49156,request,2026-10-14 07:43:16
36FD0B12851D703D2008,ACC-1039,build_minutes,32,min,2026-10-14 07:58:07
02E76B1C543EDA151CCB,ACC-1003,api_requests,52872,request,2026-10-14 08:56:29
4946CADBCC8C6A74B3CC,ACC-1024,api_requests,974197,request,2026-10-14 09:15:13
3BA12325F68AD67E4D22,ACC-1009,build_minutes,61,min,2026-10-14 09:56:18
C2B1D5B620369C7C4180,ACC-1007,egress_gb,357.700958,GB,2026-10-14 09:58:30
A8B1F829521705430303,ACC-1018,storage_gib_h,2823.930,GiB-h,2026-10-14 10:23:08
ADC17E40057547514B0E,ACC-1039,storage_gib_h,3325.909,GiB-h,2026-10-14 11:06:49
D25E0AB6968FC4E57C7A,ACC-1007,api_requests,1123629,request,2026-10-14 11:17:34
0BE9AD3C0E97F64664A2,ACC-1010,build_minutes,291,min,2026-10-14 11:24:46
0073F698F2AFD2D5C6C0,ACC-1028,build_minutes,564,min,2026-10-14 12:11:15
C1816B89216750CE2FA7,ACC-1025,storage_gib_h,4212.583,GiB-h,2026-10-14 12:14:11
5796523B12E74C8D943D,ACC-1010,api_requests,962451,request,2026-10-14 12:22:28
8AEB66D93F39DA01CB98,ACC-1008,api_requests,137707,request,2026-10-14 12:59:43
91E7D31A0ADCC0F2BA19,ACC-1019,api_requests,104672,request,2026-10-14 13:34:53
3743FF88A29FFF5D59B4,ACC-1024,api_requests,392745,request,2026-10-14 13:42:22
7A0F330B1DCCE7006968,ACC-1034,build_minutes,27,min,2026-10-14 13:54:29
BDE4C811CD6D7560AB62,ACC-1032,api_requests,11977,request,2026-10-14 14:16:07
2ECDE0A4FB36AEE0220F,ACC-1001,egress_gb,324.747235,GB,2026-10-14 15:09:31
8C2631FB0E8F871BA6C8,ACC-1026,egress_gb,7.169091,GB,2026-10-14 15:32:23
06774D4C3B4683F5A3DD,ACC-1001,storage_gib_h,19252.560,GiB-h,2026-10-14 15:35:13
A7E893DAE072B86ED682,ACC-1035,egress_gb,22.382149,GB,2026-10-14 15:46:45
458B499AC47E4939128C,ACC-1003,api_requests,149733,request,2026-10-14 15:56:25
373D2AEED57B57456A35,ACC-1015,build_minutes,72,min,2026-10-14 16:38:36
E8AFA3F346803B7D6610,ACC-1001,api_requests,869695,request,2026-10-14 16:47:02
AD1A69CB7A59DC577BDF,ACC-1019,egress_gb,77.275888,GB,2026-10-14 17:43:07
4D6A3E6BD04D252A46C1,ACC-1016,api_requests,5765,request,2026-10-14 17:58:46
BDC602863C7CB18629B2,ACC-1006,egress_gb,401.406781,GB,2026-10-14 18:19:06
3E18BF2D2268C9D4DFB6,ACC-1022,build_minutes,104,min,2026-10-14 18:23:31
A71D006DAD9FE46F2BC5,ACC-1017,storage_gib_h,18516.856,GiB-h,2026-10-14 18:34:13
7989DCF513B09D557839,ACC-1022,api_requests,1223832,request,2026-10-14 18:36:43
494F7CBC6316E1920A66,ACC-1011,api_requests,158196,request,2026-10-14 18:52:50
B9313A4BE60E773A3D2E,ACC-1019,api_requests,76717,request,2026-10-14 19:00:50
5C61DD17EAE08C50E1BF,ACC-1012,api_requests,50270,request,2026-10-14 19:03:26
313F5D2A1934B5404459,ACC-1021,storage_gib_h,2569.896,GiB-h,2026-10-14 19:10:07
CB9CC522ABD98E0B730F,ACC-1021,build_minutes,164,min,2026-10-14 19:49:46
E64C07E39C0AC5DB05CB,ACC-1018,storage_gib_h,4418.157,GiB-h,2026-10-14 19:50:51
76592802269AC8AB6093,ACC-1042,build_minutes,50,min,2026-10-14 19:55:28
276E301CCAB22418D031,ACC-1010,api_requests,1217286,request,2026-10-14 20:05:39
6D4F5A6303DF1F0DECE1,ACC-1007,api_requests,381208,request,2026-10-14 20:12:12
9A7DD03DA5B44B940DB1,ACC-1017,build_minutes,371,min,2026-10-14 20:31:59
FE3DF92D6973CE52075B,ACC-1007,api_requests,845187,request,2026-10-14 20:32:28
B675FDD2297B3C84A92E,ACC-1022,api_requests,1199865,request,2026-10-14 21:24:09
EA07A5EDC1BFAA7D1A60,ACC-1013,storage_gib_h,3968.232,GiB-h,2026-10-14 22:15:26
96FF8221B4A3CEF8351D,ACC-1001,storage_gib_h,9178.176,GiB-h,2026-10-14 22:27:34
E67FD69246249A43E938,ACC-1021,build_minutes,103,min,2026-10-14 22:37:50
1258E3607C9453BDBA49,ACC-1022,api_requests,788792,request,2026-10-14 23:43:15
28C773271F2C30E316BA,ACC-1018,api_requests,81255,request,2026-10-14 23:51:09
E1E9A49E31198E351159,ACC-1027,storage_gib_h,1976.169,GiB-h,2026-10-15 00:04:39
9282D6225A27DD726779,ACC-1001,api_requests,391100,request,2026-10-15 00:09:13
CC457EB548D2B05DA639,ACC-1017,build_minutes,231,min,2026-10-15 01:04:28
D4E4C1136D45810CD925,ACC-1010,build_minutes,133,min,2026-10-15 01:18:00
EF220E03BA2F76ACDCC1,ACC-1006,api_requests,447201,request,2026-10-15 01:58:31
91088706317B2EF1C9C7,ACC-1004,storage_gib_h,2218.446,GiB-h,2026-10-15 02:12:13
F049B165C577A98C6444,ACC-1012,storage_gib_h,2317.707,GiB-h,2026-10-15 03:29:46
2BF0DC7766F0C122DA1B,ACC-1041,build_minutes,53,min,2026-10-15 04:10:38
AF0DC12A8F81286A2D27,ACC-1009,api_requests,62448,request,2026-10-15 04:10:53
E846E8989F30C8D5508C,ACC-1034,egress_gb,57.188745,GB,2026-10-15 04:44:21
041434C7C55BC587364F,ACC-1023,api_requests,9288,request,2026-10-15 05:04:00
A503D90747E962AD3311,ACC-1036,storage_gib_h,794.009,GiB-h,2026-10-15 05:07:56
07D72298CC06304083FE,ACC-1001,api_requests,768407,request,2026-10-15 05:16:16
0B35383CD766C9CE3394,ACC-1002,build_minutes,128,min,2026-10-15 05:24:18
2E9CBA39469F58570780,ACC-1036,api_requests,10572,request,2026-10-15 06:07:12
A7CFD0E5BD698BE9BA80,ACC-1012,build_minutes,69,min,2026-10-15 06:27:07
6EEE603CD1ED954DFC63,ACC-1010,storage_gib_h,17212.034,GiB-h,2026-10-15 06:27:31
211693601ADE94B5C817,ACC-1010,egress_gb,373.519178,GB,2026-10-15 06:54:28
561DAB65E4AD5508BDC5,ACC-1005,api_requests,7549,request,2026-10-15 07:07:33
06AD34E6C7EE9D1617F0,ACC-1028,storage_gib_h,17091.608,GiB-h,2026-10-15 07:25:38
757E0EB6DDB9C8593F47,ACC-1006,egress_gb,207.304718,GB,2026-10-15 07:27:41
2789DD8AAD7453D172B9,ACC-1033,api_requests,9959,request,2026-10-15 07:41:00
9481C8DBCC7FF17F2F68,ACC-1011,api_requests,44097,request,2026-10-15 07:51:20
5C4C8E16B12F74F07E39,ACC-1035,api_requests,138640,request,2026-10-15 08:19:39
DBEAF9A1670E21C3938A,ACC-1034,api_requests,25302,request,2026-10-15 08:22:23
EC19D43DD5F01141ADFE,ACC-1037,api_requests,10129,request,2026-10-15 09:20:07
667970B8B94448604DD9,ACC-1022,egress_gb,271.715919,GB,2026-10-15 09:40:11
B56D61DAFE6FD7AD1AE3,ACC-1022,build_minutes,618,min,2026-10-15 10:33:32
628AF3608E925987E76C,ACC-1024,build_minutes,101,min,2026-10-15 10:58:30
EFE9F4E9F214E3B10B8F,ACC-1002,api_requests,39068,request,2026-10-15 11:00:56
38A3EA81459CB66C4B93,ACC-1006,build_minutes,698,min,2026-10-15 11:19:54
00BFCB49C4B3C551907A,ACC-1030,api_requests,159070,request,2026-10-15 11:24:05
F382DD791EBB38032EF7,ACC-1012,api_requests,73847,request,2026-10-15 11:39:18
3DDB1D087173DB119139,ACC-1006,storage_gib_h,14170.856,GiB-h,2026-10-15 11:44:15
B90F81989A133C5BA15E,ACC-1027,egress_gb,20.504732,GB,2026-10-15 11:50:57
75DFC522254446BC5D65,ACC-1028,egress_gb,67.688137,GB,2026-10-15 12:14:49
AEA11C2E3D8822DBB472,ACC-1041,api_requests,140790,request,2026-10-15 12:26:27
1C7981022D8A683B125A,ACC-1030,build_minutes,87,min,2026-10-15 13:49:05
23E99C7413639FBDDE7C,ACC-1010,storage_gib_h,11745.622,GiB-h,2026-10-15 14:02:08
3C2F1927ABCBCB400FF9,ACC-1001,api_requests,570847,request,2026-10-15 14:23:52
A1B9181E44ABEDEA653E,ACC-1007,build_minutes,240,min,2026-10-15 14:25:47
7354C14769E9B3A82534,ACC-1025,build_minutes,132,min,2026-10-15 14:32:39
1FA127FF246C14504498,ACC-1005,storage_gib_h,529.478,GiB-h,2026-10-15 15:26:13
6192D1706803185F4578,ACC-1019,storage_gib_h,4940.785,GiB-h,2026-10-15 15:30:06
3F4DD4F005057807A3A3,ACC-1003,egress_gb,52.450193,GB,2026-10-15 16:35:17
B74BC95219E7B1DB15F1,ACC-1012,api_requests,74886,request,2026-10-15 16:53:37
F72453F2D083AD64DDC9,ACC-1013,egress_gb,55.024073,GB,2026-10-15 17:39:09
6A291CE5C74FD055BF8C,ACC-1042,build_minutes,65,min,2026-10-15 17:51:54
17D942B05203D4571F41,ACC-1021,egress_gb,20.302567,GB,2026-10-15 18:04:46
F7CC8FB1040FF835EB52,ACC-1003,api_requests,142153,request,2026-10-15 18:26:05
6338FE1861839B44D0BE,ACC-1002,storage_gib_h,3862.069,GiB-h,2026-10-15 18:26:08
7B958F7E5EDDA67A23D2,ACC-1002,build_minutes,65,min,2026-10-15 18:42:44
293ABB6F2170B64CFA98,ACC-1021,api_requests,57934,request,2026-10-15 18:45:09
1619FFEFF0477E2B8A30,ACC-1016,egress_gb,20.391507,GB,2026-10-15 18:48:14
9C7E06A5F90CB4CAA512,ACC-1015,api_requests,108828,request,2026-10-15 19:00:53
2C3ED3F4D452276C136C,ACC-1024,api_requests,592860,request,2026-10-15 19:23:12
D974E69C30498FD25E3B,ACC-1007,build_minutes,558,min,2026-10-15 19:42:04
AF26234F9E330FD569F6,ACC-1035,api_requests,65177,request,2026-10-15 19:44:51
3A54BB85BB6408C1E21A,ACC-1013,egress_gb,86.122787,GB,2026-10-15 19:51:23
508E1CB366D945E4F33C,ACC-1028,api_requests,797883,request,2026-10-15 20:00:02
03539868198FD79E3510,ACC-1031,egress_gb,84.394958,GB,2026-10-15 20:24:02
757273BE88E84B732033,ACC-1015,api_requests,103187,request,2026-10-15 20:29:38
BE435C0C2E441384ABDE,ACC-1006,storage_gib_h,18730.755,GiB-h,2026-10-15 21:07:35
811DB9A8756B2082D0BA,ACC-1038,api_requests,2590,request,2026-10-15 21:42:01
6062A394A92C8A1C0351,ACC-1034,storage_gib_h,3077.250,GiB-h,2026-10-15 22:04:24
D1ED36D2FE0D8111F325,ACC-1004,storage_gib_h,2598.678,GiB-h,2026-10-15 22:04:57
D3C6DC84C14A18B41142,ACC-1013,build_minutes,166,min,2026-10-15 22:12:19
77308DD4AEE6600E6D16,ACC-1014,build_minutes,53,min,2026-10-15 22:32:25
1F20B65DFC8B995379EF,ACC-1028,api_requests,1209728,request,2026-10-15 22:32:45
AC292E6F6A8A420DB520,ACC-1008,build_minutes,22,min,2026-10-15 22:32:54
C6718E740C8A5F0674E2,ACC-1022,build_minutes,321,min,2026-10-15 23:39:21
23C0487E102D6705F3BF,ACC-1005,api_requests,8658,request,2026-10-16 00:43:44
9C1E7563F725C507DD05,ACC-1028,storage_gib_h,14040.019,GiB-h,2026-10-16 00:45:36
19FAF1BEFBF05B42706A,ACC-1027,api_requests,108254,request,2026-10-16 00:46:56
989C4CD684EDB0DBBD4A,ACC-1008,storage_gib_h,3766.766,GiB-h,2026-10-16 01:13:03
8F202C3BFACD1C1A7EE0,ACC-1001,storage_gib_h,13776.321,GiB-h,2026-10-16 01:29:14
44E0D43E7AF67B8B7A3A,ACC-1022,build_minutes,247,min,2026-10-16 02:14:37
64C3AEBFA73078EA4023,ACC-1029,storage_gib_h,380.994,GiB-h,2026-10-16 02:37:25
265D7EF322AFBA7AD7E3,ACC-1007,storage_gib_h,15446.955,GiB-h,2026-10-16 02:58:44
3D7D27D3E1D51BC1CD25,ACC-1027,storage_gib_h,5125.876,GiB-h,2026-10-16 03:14:24
9557FD705217C68CC763,ACC-1031,egress_gb,93.163024,GB,2026-10-16 03:30:54
CED56D7A76B1C9FFAC8A,ACC-1005,build_minutes,15,min,2026-10-16 03:34:37
AB17D8837E17A5855C7C,ACC-1023,api_requests,7617,request,2026-10-16 03:41:02
C9E5A63CFE0432816204,ACC-1019,build_minutes,36,min,2026-10-16 04:21:27
75C04B932704767C5E64,ACC-1012,api_requests,54241,request,2026-10-16 04:48:37
C3F04DDA12FE9DD767EE,ACC-1021,storage_gib_h,4599.450,GiB-h,2026-10-16 04:57:00
207F01C94AF2F9474E56,ACC-1019,storage_gib_h,3396.683,GiB-h,2026-10-16 05:56:33
169A01540EC5A5CA5DDE,ACC-1010,storage_gib_h,18807.290,GiB-h,2026-10-16 06:14:43
2F8615956996E25648C9,ACC-1006,api_requests,904858,request,2026-10-16 06:18:22
D8BB5EB05AAD8050C17F,ACC-1035,build_minutes,170,min,2026-10-16 06:32:08
F2F92DAF8398D7F11C42,ACC-1012,build_minutes,69,min,2026-10-16 06:41:16
69C6B51E50CF347EB4C4,ACC-1022,build_minutes,387,min,2026-10-16 06:57:40
D6D6D84A91D06B2DF4DA,ACC-1010,api_requests,825448,request,2026-10-16 07:32:17
048B0E2DFCC9249576F0,ACC-1016,api_requests,13664,request,2026-10-16 07:42:34
E56F627649157F144655,ACC-1007,build_minutes,687,min,2026-10-16 07:46:17
631C969615857A0382D3,ACC-1009,build_minutes,46,min,2026-10-16 08:48:43
F8AC3544705D89F3F584,ACC-1034,egress_gb,12.752791,GB,2026-10-16 09:01:49
0DE51B1439F815B61B36,ACC-1031,api_requests,148222,request,2026-10-16 09:07:04
34C37ACF92F998559300,ACC-1006,api_requests,487866,request,2026-10-16 09:24:50
08D9583F216DAB49A699,ACC-1020,api_requests,2083,request,2026-10-16 09:30:38
0FB657ADD2C39BF587D2,ACC-1003,storage_gib_h,2018.181,GiB-h,2026-10-16 09:35:28
DFDC6DA9C65F5323A4A3,ACC-1031,api_requests,95161,request,2026-10-16 10:01:14
AA4C00896AA6F1B57822,ACC-1007,storage_gib_h,18718.549,GiB-h,2026-10-16 11:52:43
7458FCB3DC73DBE23AAB,ACC-1025,api_requests,105571,request,2026-10-16 12:35:02
471D03F00CA88DF0A2AE,ACC-1021,build_minutes,110,min,2026-10-16 12:49:36
6383F5888EA566AD7910,ACC-1034,egress_gb,89.536893,GB,2026-10-16 13:06:25
0A7797C48BD9A48AFE05,ACC-1021,storage_gib_h,4035.484,GiB-h,2026-10-16 13:52:08
38B0EFD507E700CFCD5B,ACC-1039,build_minutes,41,min,2026-10-16 13:55:06
43C3E396DA824EC5D966,ACC-1008,build_minutes,51,min,2026-10-16 13:56:48
539A1BE6212379A4780B,ACC-1024,api_requests,1150836,request,2026-10-16 14:05:19
7A9D2AAA023B2DC2527D,ACC-1039,storage_gib_h,4963.528,GiB-h,2026-10-16 14:30:09
25247DC9ED7F5703FF34,ACC-1009,storage_gib_h,2312.495,GiB-h,2026-10-16 14:36:07
1C8E038477EDD88756E1,ACC-1030,api_requests,26370,request,2026-10-16 14:40:28
F6FB544B92FACFAD41A0,ACC-1021,storage_gib_h,3540.484,GiB-h,2026-10-16 14:44:10
6730090CBAE77A496590,ACC-1025,storage_gib_h,4974.150,GiB-h,2026-10-16 14:45:47
C8B1A72477D7E57AAE1F,ACC-1042,api_requests,2780,request,2026-10-16 14:59:43
EC62904B3562FC16959B,ACC-1013,storage_gib_h,2997.479,GiB-h,2026-10-16 15:10:43
A7CB2D2BCCC3433E9A33,ACC-1017,egress_gb,403.040034,GB,2026-10-16 15:28:34
1FD956A2E68E699090BE,ACC-1001,api_requests,511798,request,2026-10-16 15:39:36
26F994397846BF98B2B1,ACC-1038,build_minutes,64,min,2026-10-16 16:16:05
B8EC42C684532F76F0C9,ACC-1028,storage_gib_h,17611.565,GiB-h,2026-10-16 16:49:14
BCB5AFB671F38DF0BADD,ACC-1029,api_requests,2397,request,2026-10-16 17:40:51
09EA64599B82BBFAF2E7,ACC-1008,egress_gb,64.448643,GB,2026-10-16 18:08:15
1C7C8F35CFFAB89255C1,ACC-1027,egress_gb,79.543792,GB,2026-10-16 18:26:19
34409F648BC2CACAD744,ACC-1041,api_requests,49884,request,2026-10-16 19:27:49
F7FD471E1144CDC16137,ACC-1028,egress_gb,167.677409,GB,2026-10-16 19:29:26
8C3D05F01A49F0D593B0,ACC-1022,egress_gb,232.384900,GB,2026-10-16 19:38:42
DD0B50091825AAE06036,ACC-1034,storage_gib_h,3154.695,GiB-h,2026-10-16 20:05:04
57EA060B70E61A448FCA,ACC-1007,api_requests,321566,request,2026-10-16 20:42:39
91CDD08F2ED8744A5F1C,ACC-1021,api_requests,132369,request,2026-10-16 20:53:37
6A1C42D98ACE8D0707AE,ACC-1019,build_minutes,72,min,2026-10-16 21:05:21
965A970B5E777286475A,ACC-1018,build_minutes,26,min,2026-10-16 21:20:46
557745974E7BFBBE77DC,ACC-1016,egress_gb,9.025640,GB,2026-10-16 21:38:15
AE7C289E321F2A12AEC7,ACC-1021,egress_gb,17.179409,GB,2026-10-16 21:41:41
2D2EF8751BD64CC8011E,ACC-1009,api_requests,88690,request,2026-10-16 21:58:09
84EA8387EE751D1BE0D2,ACC-1018,api_requests,59831,request,2026-10-16 22:37:13
9D3E68920E834C9569B2,ACC-1020,build_minutes,13,min,2026-10-16 23:08:22
0C8EB69A660676B050E1,ACC-1021,build_minutes,121,min,2026-10-16 23:22:48
610E5507731E4C51F6B4,ACC-1018,api_requests,20948,request,2026-10-16 23:23:00
69C6871927DC76D1B3C7,ACC-1042,storage_gib_h,572.250,GiB-h,2026-10-16 23:55:16
7029727BD4894345A14A,ACC-1039,egress_gb,43.432315,GB,2026-10-17 00:19:40
D85A30F4F7AE4660334B,ACC-1039,api_requests,138621,request,2026-10-17 00:21:14
59321E04E5D6B207FBA4,ACC-1022,egress_gb,124.457464,GB,2026-10-17 00:33:08
6BFFC54DF5AF53B79334,ACC-1021,build_minutes,82,min,2026-10-17 00:57:06
4F634C19D0073C245ED0,ACC-1020,egress_gb,19.067439,GB,2026-10-17 01:05:38
CD8593601C0BA9E375F9,ACC-1028,build_minutes,322,min,2026-10-17 02:08:48
9E95024D08E74219C79C,ACC-1007,api_requests,939743,request,2026-10-17 02:15:37
73204F941200C854A3F0,ACC-1029,egress_gb,11.659836,GB,2026-10-17 02:30:54
41965906AC9BDF0ABC28,ACC-1012,storage_gib_h,4826.154,GiB-h,2026-10-17 02:50:41
60F098FEB99C153E7129,ACC-1009,egress_gb,32.032166,GB,2026-10-17 03:23:23
ED45B15C9D5F39773DC2,ACC-1006,storage_gib_h,12820.427,GiB-h,2026-10-17 03:27:24
A94A4430223BC7D32231,ACC-1039,api_requests,26070,request,2026-10-17 03:38:11
A905E27B41E737ED4CBB,ACC-1008,storage_gib_h,3490.298,GiB-h,2026-10-17 03:44:39
3CF003D594A77274677E,ACC-1010,build_minutes,228,min,2026-10-17 04:12:43
E61DCC3A9FA16C6EDD46,ACC-1010,build_minutes,514,min,2026-10-17 04:25:07
2820B8143D02872B9805,ACC-1006,storage_gib_h,16930.821,GiB-h,2026-10-17 04:51:55
32D63A4C9D785941BA45,ACC-1007,storage_gib_h,9309.717,GiB-h,2026-10-17 04:54:30
D7428A8FB90DDD46DEE7,ACC-1030,api_requests,97999,request,2026-10-17 05:03:50
2308D0BBDDCE777C050D,ACC-1031,api_requests,137043,request,2026-10-17 05:38:51
C5C7B543A92F8A271D5E,ACC-1041,api_requests,146632,request,2026-10-17 05:45:06
BD16E82E8F0C5A01C149,ACC-1020,build_minutes,20,min,2026-10-17 06:23:46
3F042F05C576323E5FD7,ACC-1030,build_minutes,134,min,2026-10-17 06:30:58
37148717E9DE58F8A518,ACC-1031,egress_gb,12.586776,GB,2026-10-17 06:40:56
4290CE5D2C1D04C47318,ACC-1035,egress_gb,49.705123,GB,2026-10-17 07:10:14
945C6FC148F98C137700,ACC-1033,build_minutes,7,min,2026-10-17 07:30:11
083BC6E6CE2A82CB71E4,ACC-1015,build_minutes,67,min,2026-10-17 07:44:51
256FF31CCBD23C07D79F,ACC-1001,build_minutes,651,min,2026-10-17 08:06:08
EA3AF0488477161EC069,ACC-1002,egress_gb,69.618246,GB,2026-10-17 08:30:41
67E9E58818C3BC0D7602,ACC-1015,api_requests,139591,request,2026-10-17 08:56:12
14283A97A8020DE99D5E,ACC-1003,storage_gib_h,1743.470,GiB-h,2026-10-17 09:14:35
97E9E95A3B0162CFEE8D,ACC-1002,build_minutes,62,min,2026-10-17 09:47:12
E3EA6CF2E0CED0842AF5,ACC-1032,api_requests,11241,request,2026-10-17 09:47:44
B9031ED5FFBDD08B8A81,ACC-1031,api_requests,29354,request,2026-10-17 10:22:01
E8564E35899B4FEB8E10,ACC-1010,egress_gb,348.184973,GB,2026-10-17 10:53:09
B94FB6915C5560DB9165,ACC-1042,api_requests,10957,request,2026-10-17 11:18:10
D75D1379453106915C52,ACC-1026,storage_gib_h,721.666,GiB-h,2026-10-17 12:01:23
84D21214062A99427E12,ACC-1034,api_requests,84577,request,2026-10-17 12:52:27
A35D1E18AE3355402FD2,ACC-1009,api_requests,115197,request,2026-10-17 13:13:19
A32252AF63DA62A7F217,ACC-1011,build_minutes,166,min,2026-10-17 13:53:40
D32DFBCFA97C5918B804,ACC-1012,api_requests,36476,request,2026-10-17 14:18:57
2AFC7D31D53F723F6330,ACC-1009,build_minutes,144,min,2026-10-17 14:19:11
DBA8086F20936C5CE0F4,ACC-1007,build_minutes,626,min,2026-10-17 14:27:06
27B5FE781548CB230EF3,ACC-1016,build_minutes,56,min,2026-10-17 15:17:28
883E043A3097673984DC,ACC-1027,api_requests,25853,request,2026-10-17 15:38:08
C9B63D060B172520090F,ACC-1015,egress_gb,82.237804,GB,2026-10-17 15:42:58
5BF2EB6765B55A2AC6FD,ACC-1012,build_minutes,93,min,2026-10-17 15:52:13
69457A11B674E01A67F9,ACC-1038,storage_gib_h,748.801,GiB-h,2026-10-17 16:07:16
5648F4DD2A87F3B05D21,ACC-1040,build_minutes,32,min,2026-10-17 16:13:51
5E67A08C3C8B8412A44B,ACC-1021,api_requests,46000,request,2026-10-17 16:53:24
324FF137DA9B73CE5161,ACC-1012,api_requests,127692,request,2026-10-17 17:03:14
CA9D91A365F661347BB6,ACC-1020,api_requests,6581,request,2026-10-17 17:42:11
B66F01E8D9D06F01AE0F,ACC-1013,egress_gb,31.955337,GB,2026-10-17 17:49:07
7AC1C748791E023C5873,ACC-1001,storage_gib_h,15038.500,GiB-h,2026-10-17 18:35:50
77971121E1A70B1F5357,ACC-1002,api_requests,124738,request,2026-10-17 18:43:14
BB691DD74D322E6E54A8,ACC-1021,api_requests,93733,request,2026-10-17 19:05:38
519071058F14F31D730B,ACC-1030,storage_gib_h,2890.618,GiB-h,2026-10-17 19:07:02
644AB808BDE6535C42ED,ACC-1024,storage_gib_h,9522.092,GiB-h,2026-10-17 20:48:37
7AB9D7D9B462064C46E2,ACC-1039,build_minutes,174,min,2026-10-17 20:57:54
F46D375F4565BBC9FC02,ACC-1006,build_minutes,124,min,2026-10-17 21:03:25
6A3025C0C251C1DDC7E4,ACC-1019,build_minutes,89,min,2026-10-17 21:13:14
FC2E99E704E8C7DE04F4,ACC-1004,storage_gib_h,4963.053,GiB-h,2026-10-17 21:36:14
AEBE1C83D76512A8F1DE,ACC-1013,api_requests,65045,request,2026-10-17 22:05:55
3B47DFACF8AB3AFDC7C3,ACC-1013,storage_gib_h,2219.542,GiB-h,2026-10-17 22:34:05
545C4D197BE2208D2FFA,ACC-1018,api_requests,96762,request,2026-10-17 22:36:19
C6BFE855155C3DB3E12B,ACC-1021,api_requests,111523,request,2026-10-17 22:52:52
79E2E90D17ADE704C2BA,ACC-1002,build_minutes,78,min,2026-10-17 23:18:26
669E5531DB93AA100CAD,ACC-1041,api_requests,73942,request,2026-10-17 23:48:07
78184146CC596F5E24E7,ACC-1022,api_requests,716672,request,2026-10-17 23:58:51
EE323F0D228F5658D94E,ACC-0999,api_requests,559,request,2026-10-18 00:00:00
4D9CB9B63AC5EBCB4412,ACC-1011,storage_gib_h,4328.577,GiB-h,2026-10-18 00:20:47
56A26F84E03373E2B97F,ACC-1024,egress_gb,111.409695,GB,2026-10-18 00:46:31
EF56F88A9C4EEB5F9B8C,ACC-1034,storage_gib_h,4051.607,GiB-h,2026-10-18 00:48:02
23188926F25A74727416,ACC-1029,storage_gib_h,442.595,GiB-h,2026-10-18 01:08:56
B9E67CFF34A6EC66A2C5,ACC-1015,build_minutes,47,min,2026-10-18 01:12:43
B10B737FED4C99822135,ACC-1010,storage_gib_h,13312.941,GiB-h,2026-10-18 01:19:43
035CA24EF37386597339,ACC-1012,api_requests,128600,request,2026-10-18 01:33:22
DC1919C21035CECE4491,ACC-1028,egress_gb,262.640386,GB,2026-10-18 01:50:48
9F116A71820E347FACF0,ACC-1004,build_minutes,50,min,2026-10-18 02:45:10
E254AE55738DA42BEEF0,ACC-1001,egress_gb,217.383923,GB,2026-10-18 02:47:51
871E04210C71FB6493A4,ACC-1004,build_minutes,29,min,2026-10-18 03:06:04
C779D5775020D3FCA7FC,ACC-1009,api_requests,29554,request,2026-10-18 03:20:47
9D382CC78431AFFB493E,ACC-1032,egress_gb,3.311312,GB,2026-10-18 03:53:56
D698447C9F30E322689B,ACC-1026,api_requests,2252,request,2026-10-18 05:00:12
8B2574B5C364E5B20CA0,ACC-1013,build_minutes,82,min,2026-10-18 05:13:03
39DAFCE265E073FEA333,ACC-1005,api_requests,13311,request,2026-10-18 05:21:25
4375C80808592589CF36,ACC-1026,storage_gib_h,547.158,GiB-h,2026-10-18 05:28:25
43318B10E75C8A730862,ACC-1021,egress_gb,41.351228,GB,2026-10-18 05:51:06
6B5E1AAFD921D52CB8BD,ACC-1035,build_minutes,141,min,2026-10-18 06:17:20
3D1B7428BB4CBE5D4F16,ACC-1003,api_requests,83034,request,2026-10-18 06:58:05
8C2398440FFCEAA57C4D,ACC-1006,api_requests,625430,request,2026-10-18 07:22:48
AA42A3A057205E7AF62C,ACC-1006,build_minutes,361,min,2026-10-18 08:17:31
F81AF1C780AD9FD31B75,ACC-1020,api_requests,4160,request,2026-10-18 08:27:51
C7168C2846B96CFE31BE,ACC-1007,egress_gb,308.878191,GB,2026-10-18 09:55:48
FA0405F829942B550F0E,ACC-1027,build_minutes,102,min,2026-10-18 10:21:18
BCB9096E15D5B5036B97,ACC-1001,build_minutes,252,min,2026-10-18 10:43:35
68341C578860E6038050,ACC-1021,build_minutes,92,min,2026-10-18 10:47:01
F32AB3643740A7757449,ACC-1024,api_requests,408813,request,2026-10-18 10:49:55
16F796614EAC190B059C,ACC-1008,api_requests,103164,request,2026-10-18 11:42:30
78B0E99E99CC28D2655D,ACC-1010,storage_gib_h,10599.766,GiB-h,2026-10-18 12:00:00
6A7ADCAE9D22BEAEC90E,ACC-1007,storage_gib_h,18215.102,GiB-h,2026-10-18 12:13:07
CA539065CC26116603EA,ACC-1006,api_requests,612081,request,2026-10-18 12:14:15
621F61B94C394EA0FAD0,ACC-1019,egress_gb,65.166510,GB,2026-10-18 12:20:23
E84172DC7B7F3A9E79FF,ACC-1030,api_requests,69811,request,2026-10-18 13:23:03
898614F6495832A96B12,ACC-1013,build_minutes,62,min,2026-10-18 13:37:40
8729ECBC9826E5C1F150,ACC-1022,storage_gib_h,11586.292,GiB-h,2026-10-18 13:40:07
5E0109B1F0B0BB61A252,ACC-1001,egress_gb,419.327544,GB,2026-10-18 13:56:37
BD44A6EA27C948D50A71,ACC-1039,api_requests,118958,request,2026-10-18 14:00:23
A1FF64F6B6D7940144FD,ACC-1030,egress_gb,74.026214,GB,2026-10-18 14:08:54
08234890D80FCA32EAC1,ACC-1006,build_minutes,636,min,2026-10-18 14:19:39
6EF2D07F3AEF14F107C9,ACC-1018,build_minutes,135,min,2026-10-18 14:37:37
05F6B3D4C9B133388EB8,ACC-1028,build_minutes,335,min,2026-10-18 15:00:58
7C854470B8EB18FFB983,ACC-1024,storage_gib_h,19701.467,GiB-h,2026-10-18 15:10:45
33BAC496955497EE4BA2,ACC-1021,api_requests,23898,request,2026-10-18 16:14:02
A24A14D2318BAF0F3EA8,ACC-1007,egress_gb,70.796370,GB,2026-10-18 16:14:23
FCF28A705DDAE2EA929C,ACC-1013,build_minutes,174,min,2026-10-18 16:20:31
42620FE1B4A830A1C571,ACC-1019,storage_gib_h,2302.967,GiB-h,2026-10-18 16:22:02
34DB3F7D2106F9E2C155,ACC-1011,api_requests,87150,request,2026-10-18 16:42:14
5C7FB08C791BBE5D0A81,ACC-1006,api_requests,555810,request,2026-10-18 17:07:18
232A25EDE2F5E324DE6C,ACC-1003,build_minutes,118,min,2026-10-18 17:11:50
0F68AF9607E370352916,ACC-1006,storage_gib_h,16891.073,GiB-h,2026-10-18 18:21:47
BF64649FF4FE0241EB17,ACC-1013,build_minutes,56,min,2026-10-18 18:35:08
AF30034990C3525EA58A,ACC-1040,build_minutes,7,min,2026-10-18 18:37:51
19DBE4A08540BB127770,ACC-1018,api_requests,42849,request,2026-10-18 18:49:34
1948F235370F2E4EAF62,ACC-1002,api_requests,150036,request,2026-10-18 19:23:26
34E5201DD902F9EC3CDF,ACC-1029,storage_gib_h,597.186,GiB-h,2026-10-18 19:36:31
ED6EF4424D2A5110FD24,ACC-1022,api_requests,579371,request,2026-10-18 19:41:30
FA1235CEF341BD3F7C9E,ACC-1022,storage_gib_h,9598.542,GiB-h,2026-10-18 20:39:40
056D119116D2BC5146DD,ACC-1028,storage_gib_h,18936.343,GiB-h,2026-10-18 21:23:03
9568475DB4BD62E69799,ACC-1004,api_requests,101447,request,2026-10-18 21:23:29
74A0FD1F5B518372082E,ACC-1001,api_requests,678617,request,2026-10-18 21:46:27
BA30362CE0083502F9D4,ACC-1005,build_minutes,15,min,2026-10-18 21:47:49
15286CECBE74761202BB,ACC-1036,api_requests,2847,request,2026-10-18 22:02:26
698902578DD4F136D9A3,ACC-1035,build_minutes,27,min,2026-10-18 22:12:23
1BB973C56097123B1B3A,ACC-1010,api_requests,925218,request,2026-10-18 22:15:21
7B91338C92BB1431DF9E,ACC-1023,api_requests,7345,request,2026-10-18 22:43:25
52DE3E52404788A67400,ACC-1024,build_minutes,534,min,2026-10-18 23:15:17
0FD08480A2287F3E9551,ACC-1022,api_requests,903907,request,2026-10-18 23:56:00
E7403DC5928989F08547,ACC-0999,api_requests,798,request,2026-10-19 00:00:00
F32B79A780D0607BD206,ACC-1013,api_requests,126777,request,2026-10-19 00:56:57
FF98FC7087BAD36F033D,ACC-1019,api_requests,45148,request,2026-10-19 01:22:25
CAFED64D0CC7E67DC1A1,ACC-1007,build_minutes,126,min,2026-10-19 01:43:41
E54CA6AD5E56A216AF77,ACC-1031,api_requests,102379,request,2026-10-19 01:44:15
AF3B90EE3DB8025A98C6,ACC-1028,api_requests,825476,request,2026-10-19 01:54:14
9B6D3D60644A52EFC98C,ACC-1017,egress_gb,330.519254,GB,2026-10-19 02:09:06
5D86723AA2C23923E23C,ACC-1039,api_requests,84488,request,2026-10-19 02:43:52
2897A017843FB25B9B68,ACC-1029,api_requests,11650,request,2026-10-19 04:08:38
7FA09ED8845AA1CDADE2,ACC-1040,storage_gib_h,292.237,GiB-h,2026-10-19 04:19:04
53CC72EEF6ED46E81F1F,ACC-1001,build_minutes,189,min,2026-10-19 05:04:28
7B9499A10C60A08DF10E,ACC-1015,storage_gib_h,4637.906,GiB-h,2026-10-19 05:21:48
EEE92420B4795ABD02A1,ACC-1001,storage_gib_h,10436.631,GiB-h,2026-10-19 06:45:14
1BC3F90CE5CFD9338FAF,ACC-1012,build_minutes,147,min,2026-10-19 08:02:41
ACFCC0FD5FAAE463C688,ACC-1022,storage_gib_h,16613.367,GiB-h,2026-10-19 08:06:45
65F5FFD831503ABFD2E1,ACC-1034,egress_gb,40.443007,GB,2026-10-19 08:08:38
E3C655052E6243A3F3CA,ACC-1001,egress_gb,399.848699,GB,2026-10-19 08:21:41
5B9B7DB28288B1BEE7D0,ACC-1007,api_requests,1296017,request,2026-10-19 08:33:31
BADB7B0C00F9F1C9B839,ACC-1030,build_minutes,163,min,2026-10-19 08:56:29
A272D0E33908E7668B8F,ACC-1007,build_minutes,439,min,2026-10-19 09:19:57
97F8B1DFB5467F73E044,ACC-1034,egress_gb,46.180260,GB,2026-10-19 09:31:16
2087A7E2E951869E3C07,ACC-1034,egress_gb,67.743096,GB,2026-10-19 09:37:36
1CF60741D10DCC3DF85E,ACC-1039,storage_gib_h,3385.938,GiB-h,2026-10-19 10:23:57
BB5B03711E6AFA4BCBD4,ACC-1035,build_minutes,111,min,2026-10-19 10:39:38
60A3C6CE2577698FEB8A,ACC-1007,storage_gib_h,10574.273,GiB-h,2026-10-19 10:45:13
8D2473A79FC0EA486924,ACC-1007,egress_gb,189.218104,GB,2026-10-19 11:30:53
541104F0E7320C42E629,ACC-1028,api_requests,738005,request,2026-10-19 12:16:10
4798DDC96CECA7A9CBC1,ACC-1018,api_requests,89409,request,2026-10-19 12:59:43
38A6036CE2391F5156AB,ACC-1026,build_minutes,34,min,2026-10-19 12:59:55
8747EEA0B4BEFC1ACA9C,ACC-1010,api_requests,908091,request,2026-10-19 13:16:05
840956217B9A348F7746,ACC-1020,api_requests,11346,request,2026-10-19 13:20:28
425286AB83B510947988,ACC-1007,build_minutes,379,min,2026-10-19 15:00:04
EC0F6BF48BFC298BEF9A,ACC-1007,build_minutes,461,min,2026-10-19 15:06:21
1FE9E9C3E0B39E3CDF29,ACC-1017,storage_gib_h,15649.585,GiB-h,2026-10-19 15:26:23
CB33D63D2EF3F2B0BCBC,ACC-1024,egress_gb,384.168237,GB,2026-10-19 15:34:26
AECB88207136FA9B6BB0,ACC-1018,api_requests,112611,request,2026-10-19 16:10:05
0BA2E4768065B551A587,ACC-1004,egress_gb,31.763825,GB,2026-10-19 16:30:09
CFFA7BBB4B49C8BDC0B4,ACC-1015,build_minutes,135,min,2026-10-19 16:33:56
F659909280A7B7665DBA,ACC-1028,api_requests,573787,request,2026-10-19 16:36:58
1D0F200E1F5347CC1190,ACC-1035,storage_gib_h,3108.705,GiB-h,2026-10-19 16:44:41
513CA76F118C6DF66C5B,ACC-1036,api_requests,13589,request,2026-10-19 17:10:24
545D6D9343EFCBD55951,ACC-1034,api_requests,44178,request,2026-10-19 18:47:58
DB367D84EAA8E3F8D211,ACC-1021,build_minutes,27,min,2026-10-19 18:51:32
C1A8D2A059AB7A421A80,ACC-1013,api_requests,130954,request,2026-10-19 19:01:28
CB89D906A24846D9EFD2,ACC-1028,storage_gib_h,18069.307,GiB-h,2026-10-19 19:27:12
B635E19CB11AF7E101A9,ACC-1023,build_minutes,26,min,2026-10-19 19:54:59
D77F00FBB6A97061533F,ACC-1028,egress_gb,289.087900,GB,2026-10-19 19:56:34
A7C336903A7D8B4287B5,ACC-1001,egress_gb,298.726341,GB,2026-10-19 20:20:26
909FC10C2B56CA70FBA6,ACC-1002,build_minutes,108,min,2026-10-19 20:39:06
5D496CFE69153CC86738,ACC-1041,api_requests,126503,request,2026-10-19 21:13:51
2485EB6E37FE04B08F0B,ACC-1030,api_requests,68153,request,2026-10-19 21:42:24
C90D85634FAF6A42FB77,ACC-1018,storage_gib_h,2753.258,GiB-h,2026-10-19 22:02:07
78B8E1213A1682F50D48,ACC-1024,egress_gb,409.256518,GB,2026-10-19 22:15:48
FD6E6614D4DCB6A3500F,ACC-1032,api_requests,8845,request,2026-10-19 22:41:18
83031E10E66FC4604373,ACC-1012,egress_gb,30.491783,GB,2026-10-19 22:50:32
5486E4187BF9D9A83D0C,ACC-1020,storage_gib_h,640.383,GiB-h,2026-10-19 23:24:16
55D38C8F7B4566AA5636,ACC-1029,storage_gib_h,534.517,GiB-h,2026-10-19 23:35:05
3A1E715CB14E155BEA9B,ACC-1025,api_requests,63645,request,2026-10-20 00:11:39
1961E0B212087F8EECBA,ACC-1012,api_requests,48916,request,2026-10-20 00:24:50
32A94F99648709F9812F,ACC-1007,storage_gib_h,9556.233,GiB-h,2026-10-20 00:30:16
CA3F185C8B4D77F265C9,ACC-1001,build_minutes,668,min,2026-10-20 01:17:10
C4F56D752928F55A978D,ACC-1041,api_requests,73882,request,2026-10-20 01:18:47
F052F912C75D8260AD68,ACC-1022,build_minutes,395,min,2026-10-20 01:26:33
9551C446B24BB4A118FF,ACC-1022,storage_gib_h,19814.142,GiB-h,2026-10-20 01:28:35
428EB0ECBB351897CF47,ACC-1019,api_requests,70849,request,2026-10-20 01:55:45
7B7A23890FEF5E067B78,ACC-1042,egress_gb,18.098868,GB,2026-10-20 02:14:58
A74B297570D415C90EEE,ACC-1011,api_requests,111093,request,2026-10-20 02:30:25
F0E9F07240207D3C2997,ACC-1021,storage_gib_h,4702.375,GiB-h,2026-10-20 02:36:19
BB638E7F5CD2DDEAAB0A,ACC-1024,build_minutes,700,min,2026-10-20 03:11:00
3EE82BEFA61475EEF99D,ACC-1017,build_minutes,487,min,2026-10-20 03:16:16
CB45B77E4A5998EDDF3D,ACC-1035,api_requests,30993,request,2026-10-20 04:03:47
E75F5AB805E608F8C32C,ACC-1035,build_minutes,180,min,2026-10-20 04:08:29
B4DF64E7EAC1FC21C710,ACC-1010,build_minutes,653,min,2026-10-20 04:54:14
6BA8F56967466ED4F25E,ACC-1020,build_minutes,26,min,2026-10-20 05:24:10
072F41B36847AC7C551E,ACC-1008,build_minutes,103,min,2026-10-20 05:49:16
62DF80D699CF1D8109A1,ACC-1039,egress_gb,11.841389,GB,2026-10-20 06:33:52
D28487ECB80E1BF60058,ACC-1019,storage_gib_h,4290.565,GiB-h,2026-10-20 06:40:56
05DB2F2FD6B350CDB7E9,ACC-1001,storage_gib_h,20130.408,GiB-h,2026-10-20 07:00:44
61711FCE27753619F696,ACC-1042,build_minutes,66,min,2026-10-20 07:53:41
9214109881FE9EF63740,ACC-1039,build_minutes,107,min,2026-10-20 08:06:08
6F09F9442A1F56D23B0E,ACC-1027,egress_gb,28.688082,GB,2026-10-20 08:08:57
F1D884475093FACA6D44,ACC-1003,build_minutes,158,min,2026-10-20 08:22:56
9041B2EF644D602EB13A,ACC-1006,storage_gib_h,13891.926,GiB-h,2026-10-20 08:59:12
A0E748886E5CF91AABA3,ACC-1018,storage_gib_h,4403.572,GiB-h,2026-10-20 09:38:43
85CCBB8624964F75F968,ACC-1001,build_minutes,486,min,2026-10-20 09:45:19
BC689A142AFD982B1279,ACC-1035,storage_gib_h,4908.088,GiB-h,2026-10-20 10:16:54
AC9131BC91E39985433E,ACC-1031,storage_gib_h,4290.571,GiB-h,2026-10-20 10:30:25
2105D10EDE0BD7436E09,ACC-1031,build_minutes,57,min,2026-10-20 10:42:10
59446AC565DB392F7777,ACC-1023,api_requests,10048,request,2026-10-20 11:39:53
891E5F959766E9080478,ACC-1012,build_minutes,158,min,2026-10-20 12:20:38
04E036CC8834B434013D,ACC-1018,build_minutes,80,min,2026-10-20 12:46:59
D937976FC61C0513D0A1,ACC-1006,storage_gib_h,16615.861,GiB-h,2026-10-20 13:45:11
2FFCAA40AB31D3195B9B,ACC-1007,build_minutes,225,min,2026-10-20 13:47:04
A1F1C48D031391361D50,ACC-1028,build_minutes,143,min,2026-10-20 13:50:04
245E4BF6F603D302819B,ACC-1035,storage_gib_h,2749.019,GiB-h,2026-10-20 14:11:54
5EA8CD86FBFA9E74EF83,ACC-1021,build_minutes,144,min,2026-10-20 14:12:12
C7A5AF2E0973B7B1C884,ACC-1008,egress_gb,29.236947,GB,2026-10-20 14:26:05
1FF5D57822C91E512CAE,ACC-1025,storage_gib_h,4324.509,GiB-h,2026-10-20 14:28:08
B321C81C04D972EE69EC,ACC-1018,api_requests,114299,request,2026-10-20 14:48:59
6EA0EE064B6C55457950,ACC-1019,egress_gb,77.630872,GB,2026-10-20 14:49:18
71103EAE2DB125FDBD02,ACC-1039,api_requests,123140,request,2026-10-20 15:43:47
2C2F40707F6AA6277E5A,ACC-1028,egress_gb,122.990435,GB,2026-10-20 15:48:21
2D33F2D9A9B33897809D,ACC-1010,egress_gb,355.606051,GB,2026-10-20 16:04:42
9DA81B19565A5851961F,ACC-1022,egress_gb,72.031388,GB,2026-10-20 16:10:01
C11F02C588D4EA88DEB4,ACC-1006,build_minutes,457,min,2026-10-20 16:17:02
4AB8BE36CD8D8201B085,ACC-1025,api_requests,134906,request,2026-10-20 16:33:47
F8A76A74368CC3633C4F,ACC-1030,egress_gb,30.985642,GB,2026-10-20 16:53:54
DEA55324AFC16897FFEF,ACC-1001,storage_gib_h,11935.335,GiB-h,2026-10-20 17:00:54
DD1C8AF622F6F612083F,ACC-1010,storage_gib_h,20228.414,GiB-h,2026-10-20 17:01:08
4E9194825599F5B5D0E3,ACC-1005,api_requests,5766,request,2026-10-20 17:13:23
5B6C18D11DE3813A9B88,ACC-1015,egress_gb,43.052609,GB,2026-10-20 17:24:39
A88B514D6530AF070A15,ACC-1022,api_requests,662343,request,2026-10-20 17:45:36
613865D12A9B53363732,ACC-1027,api_requests,48838,request,2026-10-20 17:50:57
74236625759F8476422C,ACC-1013,api_requests,80638,request,2026-10-20 17:55:32
279D549A75B2A9E66345,ACC-1013,storage_gib_h,3032.873,GiB-h,2026-10-20 17:55:34
86D6567D4DFF54A4E516,ACC-1041,api_requests,75795,request,2026-10-20 18:02:18
A0BFCF6AA0886EF666A8,ACC-1031,egress_gb,20.653161,GB,2026-10-20 18:04:45
4E8580926997FD2167D9,ACC-1040,build_minutes,70,min,2026-10-20 18:07:33
900DBB7E3FF61C183EC8,ACC-1035,build_minutes,160,min,2026-10-20 18:21:06
A83F4B25A6C36B47588F,ACC-1001,storage_gib_h,14359.487,GiB-h,2026-10-20 18:55:49
231F97ECE635F6B7DD55,ACC-1025,build_minutes,49,min,2026-10-20 19:26:46
5FC7537F31A90DE7C23A,ACC-1013,api_requests,62158,request,2026-10-20 19:36:14
767155708DBC05C42AC0,ACC-1016,api_requests,2615,request,2026-10-20 20:40:14
A3267C9B8603BF532A3E,ACC-1007,api_requests,412405,request,2026-10-20 21:43:35
8D161FADD05670F0441C,ACC-1006,build_minutes,624,min,2026-10-20 23:12:32
08BEB51E51C90BE1D750,ACC-1028,build_minutes,211,min,2026-10-20 23:15:37
23A61EE5F418479AB889,ACC-1010,egress_gb,367.889866,GB,2026-10-20 23:57:21
1D67D3F364A54ED7A2C2,ACC-1042,build_minutes,69,min,2026-10-21 00:12:41
A2B9FACA2CA45E562F58,ACC-1016,build_minutes,38,min,2026-10-21 00:44:52
694D5638DE585975311B,ACC-1004,build_minutes,81,min,2026-10-21 01:03:07
934D6CDDC96FE0EB01E5,ACC-1007,egress_gb,75.003441,GB,2026-10-21 01:29:23
19125B41561669198139,ACC-1010,api_requests,980021,request,2026-10-21 01:41:10
88183566F1EF97EDE0BF,ACC-1017,build_minutes,427,min,2026-10-21 01:54:21
C9584DE55182E6EA7569,ACC-1006,api_requests,414042,request,2026-10-21 02:17:14
F10F822803C2936CD0DA,ACC-1027,storage_gib_h,4285.715,GiB-h,2026-10-21 02:48:30
33275F60D9891210AB81,ACC-1006,storage_gib_h,16523.748,GiB-h,2026-10-21 03:57:04
7AEBEA2E22CBDF05E5CC,ACC-1010,api_requests,832460,request,2026-10-21 04:02:42
A9632FB5F6922C062C0D,ACC-1030,api_requests,71408,request,2026-10-21 04:06:33
58AB453000A74CE3BB57,ACC-1028,build_minutes,431,min,2026-10-21 05:19:25
78A5C5B3D670A15F3A9C,ACC-1017,egress_gb,296.718826,GB,2026-10-21 05:40:33
1CF0B02598102FAA33F2,ACC-1031,storage_gib_h,1899.030,GiB-h,2026-10-21 05:51:13
787797E6CB8A506F15B8,ACC-1015,api_requests,136991,request,2026-10-21 06:45:04
270DD7C81521A3EFBD76,ACC-1009,egress_gb,23.916651,GB,2026-10-21 06:48:50
9978F59F696B129DE302,ACC-1036,api_requests,9288,request,2026-10-21 07:26:45
BC86A5CDBFA68CB13084,ACC-1009,storage_gib_h,3283.708,GiB-h,2026-10-21 07:35:46
F6823FBF9E6E92433F74,ACC-1006,api_requests,301929,request,2026-10-21 08:04:35
42E50CE78366DE325709,ACC-1029,build_minutes,57,min,2026-10-21 08:08:58
E65599DC27F144AF1903,ACC-1011,storage_gib_h,1637.275,GiB-h,2026-10-21 08:11:14
77674217E91AB56A0320,ACC-1005,build_minutes,57,min,2026-10-21 08:44:39
9310A71F1F7537AFE15F,ACC-1017,build_minutes,621,min,2026-10-21 09:17:11
6D270DFD12243012C4F8,ACC-1008,api_requests,55982,request,2026-10-21 09:28:27
EF7CA18A05824C775F35,ACC-1028,build_minutes,400,min,2026-10-21 09:41:10
5CAE7E18563D473ACA62,ACC-1017,storage_gib_h,16194.985,GiB-h,2026-10-21 10:36:04
AF2368554C96D8D85E4E,ACC-1022,egress_gb,263.975661,GB,2026-10-21 10:51:18
A77E830EA67DF934C1C7,ACC-1027,api_requests,107234,request,2026-10-21 10:51:27
9E41C3FA5F01CD34A2C7,ACC-1008,api_requests,40958,request,2026-10-21 11:04:09
B2A2F5F4A7783691CDB6,ACC-1003,storage_gib_h,3856.217,GiB-h,2026-10-21 11:05:38
4193D1BCF41F952F2E2C,ACC-1003,api_requests,68947,request,2026-10-21 12:26:24
F3E8DD2134E166023867,ACC-1007,egress_gb,272.220995,GB,2026-10-21 13:05:37
39CF75D7840BD3D78F6E,ACC-1001,build_minutes,633,min,2026-10-21 13:30:29
84A478DA94BEDC39ADA8,ACC-1015,api_requests,117808,request,2026-10-21 13:32:10
FE8939EAF414E716734D,ACC-1032,storage_gib_h,247.180,GiB-h,2026-10-21 13:49:00
8E0F194BADD283355969,ACC-1035,api_requests,34852,request,2026-10-21 14:14:53
A4FB76CB1A7E415D59ED,ACC-1028,build_minutes,362,min,2026-10-21 15:12:04
D23AB8D6DBB91EB63751,ACC-1025,api_requests,97865,request,2026-10-21 15:13:11
03C3F552205D0AB95244,ACC-1030,build_minutes,135,min,2026-10-21 15:15:49
85842F47B7E594D14CE2,ACC-1009,egress_gb,38.591437,GB,2026-10-21 15:17:10
5D155795E69C366491CC,ACC-1022,storage_gib_h,17188.028,GiB-h,2026-10-21 15:25:24
BBF4FCD0C79683FE31BA,ACC-1010,build_minutes,402,min,2026-10-21 15:34:48
E181D23F8EB4AC8DC05A,ACC-1006,storage_gib_h,10517.699,GiB-h,2026-10-21 15:37:41
0B9E0160F48FE0C6FC5F,ACC-1022,api_requests,982911,request,2026-10-21 16:37:46
98342C0FCCC8CDECBD8F,ACC-1025,storage_gib_h,4703.464,GiB-h,2026-10-21 16:54:34
333CE9CB059D971ABAFD,ACC-1021,egress_gb,91.760910,GB,2026-10-21 17:57:05
B69087DE0E9299133FC7,ACC-1028,api_requests,583792,request,2026-10-21 18:43:26
CA62FE34D9AD96264F5D,ACC-1007,storage_gib_h,17414.183,GiB-h,2026-10-21 18:50:28
5905951205CCCEDCE5F7,ACC-1011,egress_gb,87.982304,GB,2026-10-21 19:23:53
B8000347A1B60E12FD57,ACC-1022,api_requests,1144467,request,2026-10-21 19:50:41
F31951BD934CFE50CE1A,ACC-1003,api_requests,132544,request,2026-10-21 20:12:23
259EA0637B86AB84524A,ACC-1041,api_requests,144954,request,2026-10-21 20:31:59
708C6050F39C1E82B324,ACC-1003,egress_gb,42.641465,GB,2026-10-21 20:40:01
4136293A75DC8311A1EE,ACC-1038,build_minutes,65,min,2026-10-21 20:54:22
6292429177BD58D3AD68,ACC-1007,storage_gib_h,11533.119,GiB-h,2026-10-21 21:41:46
1AC84CD15D1302D2C001,ACC-1032,api_requests,4665,request,2026-10-21 21:41:50
3F8FF9C828FF96E8EC84,ACC-1022,api_requests,837518,request,2026-10-21 21:49:12
E5F96997820ABDF6B556,ACC-1039,build_minutes,46,min,2026-10-21 22:00:46
8D7D776B80AE61E915D1,ACC-1028,storage_gib_h,16012.560,GiB-h,2026-10-21 22:03:43
00A407F25B9D9CE6A6B8,ACC-1031,storage_gib_h,4665.487,GiB-h,2026-10-21 22:26:53
650037A52DEF53B1F1CB,ACC-1030,build_minutes,135,min,2026-10-21 23:15:03
3CD295E51579EA1A5266,ACC-1028,storage_gib_h,18407.541,GiB-h,2026-10-21 23:33:07
F289471F45B651853BCA,ACC-1028,egress_gb,305.047286,GB,2026-10-21 23:43:12
542F96293E9DE37C0B3E,ACC-1002,api_requests,87855,request,2026-10-22 00:08:53
44CF575A567990704079,ACC-1024,api_requests,692833,request,2026-10-22 00:12:17
BE00BA113A1CDCE5598D,ACC-1031,storage_gib_h,4775.156,GiB-h,2026-10-22 00:13:18
1CFE7926CA430CECCB96,ACC-1006,api_requests,1221817,request,2026-10-22 00:19:19
8CE3E0BE15500AC437AA,ACC-1001,api_requests,324562,request,2026-10-22 00:23:48
4AFDAB53DF79A121CF47,ACC-1028,build_minutes,521,min,2026-10-22 01:09:35
F84ADA7205C13E1953CB,ACC-1036,build_minutes,7,min,2026-10-22 01:10:08
145F80D7DACAF97D6371,ACC-1024,build_minutes,665,min,2026-10-22 01:15:01
98325D2F7625D99008E0,ACC-1040,storage_gib_h,865.183,GiB-h,2026-10-22 02:20:43
9D914911466DD4ABFFAE,ACC-1012,api_requests,98877,request,2026-10-22 02:52:31
ED413415810A71F1D309,ACC-1019,storage_gib_h,3301.336,GiB-h,2026-10-22 03:15:59
62DEC2008C62BFB1DD5E,ACC-1001,storage_gib_h,17747.653,GiB-h,2026-10-22 04:01:33
1E19450145035898CF2D,ACC-1020,storage_gib_h,542.251,GiB-h,2026-10-22 04:04:28
FC209C460FB20CED6F10,ACC-1030,build_minutes,77,min,2026-10-22 04:57:28
6E17501E8D435A459185,ACC-1012,storage_gib_h,1963.674,GiB-h,2026-10-22 05:00:26
CB22F9B32817A39366F9,ACC-1023,build_minutes,40,min,2026-10-22 05:35:26
1AA742693A83A49D1E2A,ACC-1017,api_requests,791969,request,2026-10-22 05:55:14
C0C99E3BCB8A27D53AB7,ACC-1033,api_requests,2382,request,2026-10-22 06:04:27
F98AA55ED174966625AB,ACC-1034,storage_gib_h,5063.576,GiB-h,2026-10-22 06:16:01
630A9202B766304E32A8,ACC-1031,api_requests,53036,request,2026-10-22 06:19:24
2FAD9E43B1BC47A97534,ACC-1002,storage_gib_h,4476.799,GiB-h,2026-10-22 06:27:17
60D78F7BDA8FB1523BC1,ACC-1009,egress_gb,29.387681,GB,2026-10-22 06:32:37
1555A1ABA47ED74B86D5,ACC-1003,api_requests,158997,request,2026-10-22 07:08:04
64CD3EDD41385F80BD2A,ACC-1027,api_requests,104288,request,2026-10-22 08:38:33
59C67FF10AC4FC99DDC6,ACC-1037,storage_gib_h,180.450,GiB-h,2026-10-22 09:45:15
343C2A3DDAD303C48D13,ACC-1011,storage_gib_h,2243.903,GiB-h,2026-10-22 09:57:41
914FF5B894865422C80D,ACC-1039,storage_gib_h,1516.800,GiB-h,2026-10-22 10:46:37
7392FA6EF10BD5529FDC,ACC-1022,build_minutes,299,min,2026-10-22 10:53:11
89EF017A2D271DE331CA,ACC-1018,build_minutes,40,min,2026-10-22 11:30:50
E6238034E35DA8DB6C31,ACC-1024,storage_gib_h,17572.931,GiB-h,2026-10-22 11:59:23
1E8166BC7EA733737848,ACC-1003,build_minutes,152,min,2026-10-22 12:33:32
0A3D6A21C27E612C7780,ACC-1035,api_requests,45511,request,2026-10-22 12:55:28
B8B5964E45C205F6816C,ACC-1020,build_minutes,24,min,2026-10-22 12:57:28
18ACC8C2F7375D198F22,ACC-1002,storage_gib_h,2847.001,GiB-h,2026-10-22 13:42:54
B45A41D2214CC06FBD2A,ACC-1030,api_requests,156976,request,2026-10-22 13:45:15
E0BE2CAD1E1C0835772E,ACC-1029,api_requests,6640,request,2026-10-22 14:12:09
A71FCEF3029AE9CB186C,ACC-1010,build_minutes,513,min,2026-10-22 14:40:17
6723F69671C606DADF2F,ACC-1025,build_minutes,90,min,2026-10-22 15:05:23
2467ABC68291E5B96BD7,ACC-1013,egress_gb,14.551270,GB,2026-10-22 15:11:03
40517F40E62E3F6E5E71,ACC-1014,api_requests,3243,request,2026-10-22 15:31:33
FFA4003E83EF9292EA62,ACC-1010,build_minutes,190,min,2026-10-22 16:17:03
CC15A798B44EA798D771,ACC-1010,storage_gib_h,10559.125,GiB-h,2026-10-22 16:23:08
8E0176293504446E94CA,ACC-1008,storage_gib_h,4931.284,GiB-h,2026-10-22 16:35:53
75B75CDC1E77B1621E6D,ACC-1012,build_minutes,138,min,2026-10-22 16:38:35
BD3D23B4F2076D6AA9AB,ACC-1017,api_requests,781626,request,2026-10-22 16:41:51
F3EDAF7D7B987254E07A,ACC-1030,api_requests,86850,request,2026-10-22 17:09:34
EC98229C993B95220734,ACC-1024,egress_gb,255.907857,GB,2026-10-22 17:35:22
733818F1B0923E80819F,ACC-1017,storage_gib_h,13860.753,GiB-h,2026-10-22 17:54:19
53724922A0E3C2D6DDB7,ACC-1042,storage_gib_h,136.401,GiB-h,2026-10-22 18:32:37
E9C1B66D1272ED7A6F5C,ACC-1007,build_minutes,362,min,2026-10-22 19:58:18
527B1AB57F73F0A29A5D,ACC-1012,build_minutes,56,min,2026-10-22 20:04:24
A4B377FB0836A18F0BC3,ACC-1021,api_requests,31996,request,2026-10-22 20:15:09
4509F029E654D324FAE8,ACC-1009,egress_gb,57.534262,GB,2026-10-22 20:23:22
32C28453BAD957EE7352,ACC-1010,api_requests,415400,request,2026-10-22 20:28:49
1BDE58A20C8C7B5B7D64,ACC-1018,build_minutes,153,min,2026-10-22 20:42:38
74827E40EE7CB7EEA768,ACC-1021,api_requests,49019,request,2026-10-22 21:44:19
811E356959EADF4A6500,ACC-1011,api_requests,24998,request,2026-10-22 22:09:47
06AE421FFC4820347CD8,ACC-1012,build_minutes,128,min,2026-10-22 22:37:37
C0653BB1B078A6421C41,ACC-1022,egress_gb,126.438305,GB,2026-10-22 22:48:13
4EBA18CAD7E167EA23D7,ACC-1025,build_minutes,97,min,2026-10-22 23:50:03
E888883AFDFEB02586BE,ACC-0999,api_requests,647,request,2026-10-23 00:00:00
47D434FB0A72A0E03CCF,ACC-1004,egress_gb,57.561307,GB,2026-10-23 00:03:22
2A160C3CBD9D117751B4,ACC-1012,egress_gb,56.268380,GB,2026-10-23 00:20:52
9A1F4FDD37250C4FD34B,ACC-1030,storage_gib_h,3322.057,GiB-h,2026-10-23 00:30:41
7A85F33DE2191E87E6B3,ACC-1027,api_requests,103285,request,2026-10-23 00:55:12
541802A59D48E5486D31,ACC-1008,api_requests,66232,request,2026-10-23 01:25:30
E6923CD51146A7E20497,ACC-1010,storage_gib_h,9128.414,GiB-h,2026-10-23 02:32:08
989068165CDA5AB90DD2,ACC-1006,build_minutes,167,min,2026-10-23 03:17:44
6F64111CF4928175753C,ACC-1005,api_requests,8562,request,2026-10-23 03:19:10
9E55F834455E3C894D09,ACC-1006,storage_gib_h,19644.577,GiB-h,2026-10-23 03:22:48
0904200F4E42FDF651A0,ACC-1011,api_requests,127592,request,2026-10-23 04:04:59
20338809997D07C937B0,ACC-1019,api_requests,70583,request,2026-10-23 04:12:35
577DA948647A517C4F1B,ACC-1018,api_requests,83091,request,2026-10-23 04:25:30
16D6DC709CD3A8C1C05E,ACC-1024,storage_gib_h,17088.005,GiB-h,2026-10-23 04:39:38
F25CACA5AC5CD5DDF714,ACC-1024,egress_gb,270.820818,GB,2026-10-23 04:59:20
687436C6A455A65DA471,ACC-1003,egress_gb,54.794980,GB,2026-10-23 04:59:33
7860B556889414AC6A97,ACC-1024,api_requests,673605,request,2026-10-23 05:39:19
2DC2AD44CE42E64F9991,ACC-1041,egress_gb,43.935293,GB,2026-10-23 05:39:31
DD310AD7B272367653C7,ACC-1028,storage_gib_h,19328.557,GiB-h,2026-10-23 06:19:58
AF3AF6D53ABB29F96242,ACC-1032,api_requests,8905,request,2026-10-23 08:16:30
5E516A5B091CA403F67F,ACC-1041,api_requests,22247,request,2026-10-23 08:20:03
A97398EB9FA78530A6B6,ACC-1011,storage_gib_h,2046.464,GiB-h,2026-10-23 09:21:53
28154DDD5778E189EB46,ACC-1017,egress_gb,390.952754,GB,2026-10-23 10:09:08
092610AE02FC10AD94A6,ACC-1035,build_minutes,83,min,2026-10-23 10:11:50
033C51134DDE5DB41138,ACC-1022,egress_gb,188.261871,GB,2026-10-23 10:13:46
873AF4F06F080491168F,ACC-1036,api_requests,11956,request,2026-10-23 10:34:43
D7C91F1372D69A28EF3A,ACC-1021,egress_gb,9.157778,GB,2026-10-23 11:20:26
5DC0C0BAECA80BA62083,ACC-1003,api_requests,155533,request,2026-10-23 11:46:40
0D4340E2DDAC5863A4AB,ACC-1009,storage_gib_h,1907.211,GiB-h,2026-10-23 11:53:04
00ACB24236C71813353B,ACC-1017,build_minutes,356,min,2026-10-23 11:54:13
B9303CFD0BD133645524,ACC-1033,api_requests,8842,request,2026-10-23 12:24:33
5D23033EE3FD95450D28,ACC-1017,build_minutes,554,min,2026-10-23 13:30:26
870101DF9F77F7F1DA1E,ACC-1020,egress_gb,4.973687,GB,2026-10-23 13:53:06
B9645E7942851AB317F3,ACC-1008,storage_gib_h,2424.412,GiB-h,2026-10-23 13:59:48
3A18607B02F570AFFA54,ACC-1041,egress_gb,88.420419,GB,2026-10-23 14:02:49
6F992CEE7FB253394CA1,ACC-1030,build_minutes,175,min,2026-10-23 14:31:40
8C75D8AB195271535A6E,ACC-1017,api_requests,1248801,request,2026-10-23 15:58:50
84157AEB4A4DC780FE98,ACC-1001,api_requests,1270161,request,2026-10-23 16:41:56
C90873174540B850C2EE,ACC-1011,build_minutes,72,min,2026-10-23 17:48:56
BBA4311561E470F4D2BE,ACC-1007,api_requests,1229779,request,2026-10-23 18:28:15
4EB8452CFFC84D923F59,ACC-1012,build_minutes,164,min,2026-10-23 18:33:06
66D214210A2F3EB57AB5,ACC-1015,build_minutes,103,min,2026-10-23 18:36:11
4B39BA655F3269C93A62,ACC-1006,storage_gib_h,18295.939,GiB-h,2026-10-23 18:51:43
DBF5F5ECAFB213AECAAC,ACC-1040,build_minutes,69,min,2026-10-23 19:17:49
9DE4EF856EC5056F6EE1,ACC-1029,api_requests,3824,request,2026-10-23 19:30:13
B82C8FA10D1A4F266A7B,ACC-1022,egress_gb,336.816793,GB,2026-10-23 19:38:53
813C61325FA44ACB5CD3,ACC-1014,storage_gib_h,453.759,GiB-h,2026-10-23 20:21:01
F1CE0592DE73D5703E0F,ACC-1028,api_requests,538990,request,2026-10-23 20:30:13
52598FA133E8D3B74F62,ACC-1017,egress_gb,293.903626,GB,2026-10-23 20:31:48
6D953B3DB5A429E44683,ACC-1018,api_requests,42564,request,2026-10-23 20:46:23
504B22A8D28CA20A2B9E,ACC-1034,egress_gb,86.057754,GB,2026-10-23 20:50:23
726B380A4554FB614E18,ACC-1010,api_requests,743586,request,2026-10-23 20:50:43
0A1731BA834950F721DE,ACC-1010,storage_gib_h,12685.793,GiB-h,2026-10-23 21:47:36
4F0A3C611A73CC556D3E,ACC-1007,api_requests,932577,request,2026-10-23 22:27:07
180287363655253333D2,ACC-1011,storage_gib_h,2711.104,GiB-h,2026-10-23 22:32:16
D42F216321DF3DC51D29,ACC-1030,api_requests,141465,request,2026-10-23 22:36:11
640A92C554D9F8F6FA56,ACC-1030,storage_gib_h,1997.328,GiB-h,2026-10-23 22:59:31
70A91DAF9A38F97F6420,ACC-1006,storage_gib_h,9026.122,GiB-h,2026-10-23 23:19:50
1D20694F156480F7916D,ACC-1009,storage_gib_h,3518.625,GiB-h,2026-10-23 23:25:53
A4EC453BD7286C05E9A7,ACC-1004,api_requests,33008,request,2026-10-23 23:52:24
83DB2EB846F79882D85E,ACC-1016,api_requests,5686,request,2026-10-24 00:22:10
9C14AD500098703CDBAB,ACC-1040,egress_gb,21.770265,GB,2026-10-24 00:47:33
9C2E211A5A26BDDDFE94,ACC-1041,build_minutes,132,min,2026-10-24 00:56:07
9EA0C72854D9734405AA,ACC-1006,api_requests,694394,request,2026-10-24 01:42:14
12710C320A63D4BCA793,ACC-1040,egress_gb,25.955927,GB,2026-10-24 01:42:50
8919AEA3679862911AAC,ACC-1017,egress_gb,411.945503,GB,2026-10-24 01:45:46
5C659620F839E67669A6,ACC-1027,build_minutes,128,min,2026-10-24 02:04:21
091D66CF4DA4B330DF89,ACC-1031,api_requests,58876,request,2026-10-24 03:21:54
063D46A40B99BF8F4FB8,ACC-1012,storage_gib_h,4964.670,GiB-h,2026-10-24 03:59:52
35F32EF4C8792C21A626,ACC-1004,egress_gb,18.887044,GB,2026-10-24 04:03:45
CC82BDBEB3587C7FF5E4,ACC-1024,api_requests,686492,request,2026-10-24 04:07:36
117886EE16DBE4D8C74D,ACC-1025,storage_gib_h,4911.348,GiB-h,2026-10-24 04:32:40
C4AAB1BB44AD0712F8E0,ACC-1021,api_requests,105707,request,2026-10-24 04:36:17
C89285B65B6311C09FBB,ACC-1030,build_minutes,127,min,2026-10-24 04:37:32
BE58D66292CE2AB81A36,ACC-1006,api_requests,1069318,request,2026-10-24 04:38:42
4D3841F15880CAA8D376,ACC-1008,egress_gb,33.124890,GB,2026-10-24 05:05:20
110436004BCFA1960F55,ACC-1035,egress_gb,26.682456,GB,2026-10-24 06:11:29
C79ED2B9BECCEE5E38D2,ACC-1017,api_requests,1061934,request,2026-10-24 07:20:31
F61FA36457431D506F46,ACC-1035,build_minutes,21,min,2026-10-24 08:11:02
EE090FD9979DBF43A7DD,ACC-1001,api_requests,414126,request,2026-10-24 08:36:14
4D2E921DBC33E1CECA6D,ACC-1014,egress_gb,11.806769,GB,2026-10-24 09:33:25
06397FE9CAE3AFDC66A0,ACC-1040,build_minutes,44,min,2026-10-24 09:44:58
EE172A3203BC6CF1258A,ACC-1025,build_minutes,96,min,2026-10-24 09:47:47
842B1AC6C92022F90590,ACC-1028,storage_gib_h,18479.832,GiB-h,2026-10-24 09:51:04
E61DD1DCC2B4F1CEAEF9,ACC-1027,egress_gb,93.925099,GB,2026-10-24 10:06:03
6D86EDB92EF59241EEA1,ACC-1001,api_requests,946566,request,2026-10-24 11:17:48
444088F4E129149E54C2,ACC-1020,build_minutes,29,min,2026-10-24 11:43:22
D43C3854476CE1148416,ACC-1001,build_minutes,612,min,2026-10-24 12:00:17
20BA06EEDA4FDB1C916D,ACC-1010,egress_gb,270.782230,GB,2026-10-24 12:08:42
367E2BF115ACCF4A50AF,ACC-1022,storage_gib_h,10039.548,GiB-h,2026-10-24 12:19:17
4B779C004925C6602EBF,ACC-1027,build_minutes,155,min,2026-10-24 12:46:58
807439D1ABB59862CAF6,ACC-1021,egress_gb,62.450111,GB,2026-10-24 13:17:43
513081C6D1C3237E8730,ACC-1019,build_minutes,72,min,2026-10-24 13:57:13
717A3B54C547EF4B6E9F,ACC-1027,build_minutes,72,min,2026-10-24 13:57:34
09AB7FB18D94F699708F,ACC-1015,build_minutes,24,min,2026-10-24 13:59:37
437B26028D27367FF30B,ACC-1008,api_requests,45788,request,2026-10-24 14:07:44
AA83BD622C8BFC5CDAB8,ACC-1006,build_minutes,309,min,2026-10-24 14:42:42
0DEE0B47298C083079A4,ACC-1014,build_minutes,20,min,2026-10-24 15:04:01
B22F8EEDB6744ADD869C,ACC-1024,egress_gb,304.780025,GB,2026-10-24 15:32:16
E2C8A96C414B1F655585,ACC-1012,storage_gib_h,3628.560,GiB-h,2026-10-24 16:31:50
913E1DAAE5D8B2818001,ACC-1040,api_requests,13329,request,2026-10-24 16:41:14
B6E358527FD2130736C1,ACC-1018,storage_gib_h,2922.603,GiB-h,2026-10-24 16:52:28
496F3E2EACF5006D8C1B,ACC-1034,build_minutes,60,min,2026-10-24 16:57:18
60CD5DA9B6F2D50823CD,ACC-1038,api_requests,2615,request,2026-10-24 17:19:13
28FD18B7012E8529FD9F,ACC-1009,build_minutes,49,min,2026-10-24 19:13:22
D0B0A83A73CEA17D67C1,ACC-1009,storage_gib_h,4329.422,GiB-h,2026-10-24 20:23:45
A512EA7F45D95F816D38,ACC-1013,egress_gb,47.709373,GB,2026-10-24 20:39:57
FA7D3064DF658BE7E0B5,ACC-1006,egress_gb,296.250621,GB,2026-10-24 20:43:18
68D550C970F117A53F37,ACC-1012,api_requests,72201,request,2026-10-24 21:01:17
9B096E2BF31D5FDDDC72,ACC-1015,api_requests,140891,request,2026-10-24 21:40:36
909620559104319C2D8C,ACC-1034,api_requests,54955,request,2026-10-24 22:02:19
CE3FFCBCF90804618ABF,ACC-1028,storage_gib_h,13285.881,GiB-h,2026-10-24 22:24:49
42090B5733F40026DCA5,ACC-1010,egress_gb,64.087272,GB,2026-10-24 22:57:00
20941106965AA0747933,ACC-1006,api_requests,1105815,request,2026-10-24 23:07:53
2E0144C36A41B607B995,ACC-1012,egress_gb,72.710638,GB,2026-10-24 23:12:53
C096069FB88DC5475BC7,ACC-1019,egress_gb,62.952446,GB,2026-10-24 23:35:56
8C93BE6DF56AA67C5C9F,ACC-1011,storage_gib_h,4571.950,GiB-h,2026-10-24 23:46:55
116EB0C960E980ADABA1,ACC-1016,api_requests,2935,request,2026-10-25 00:15:31
B3B48705575BF9D88DEA,ACC-1017,build_minutes,256,min,2026-10-25 01:16:45
F3EBC3564C8A18612F1E,ACC-1006,egress_gb,187.372217,GB,2026-10-25 01:26:48
679A5FF675A409B77586,ACC-1031,egress_gb,66.662892,GB,2026-10-25 01:37:29
C11D578499F35948CC90,ACC-1013,api_requests,24495,request,2026-10-25 01:48:24
CBBBABD149A8C102BA8A,ACC-1040,build_minutes,65,min,2026-10-25 02:09:51
14D435F58CD4B0C27B55,ACC-1002,storage_gib_h,3578.901,GiB-h,2026-10-25 02:25:12
FD290FCF487BDAA647ED,ACC-1018,egress_gb,77.866423,GB,2026-10-25 02:56:06
D1F72939F68483D64AF3,ACC-1012,egress_gb,82.991523,GB,2026-10-25 03:00:05
0899D08676D93C7DDE1B,ACC-1041,build_minutes,82,min,2026-10-25 03:42:15
788CF93FDE58B2547CBA,ACC-1016,storage_gib_h,828.313,GiB-h,2026-10-25 03:53:00
4D47F43667A5207746D6,ACC-1017,api_requests,683530,request,2026-10-25 04:22:22
015ED4248FDEFABC7AB4,ACC-1028,api_requests,971937,request,2026-10-25 05:16:41
1618E040E09D8AF52083,ACC-1038,api_requests,10449,request,2026-10-25 05:24:02
4C1391FD53EA8EC65386,ACC-1020,egress_gb,20.950487,GB,2026-10-25 06:05:32
0417A82E05E52B5A9E82,ACC-1005,storage_gib_h,308.567,GiB-h,2026-10-25 06:51:12
7C22D61590837AD4960E,ACC-1032,api_requests,12808,request,2026-10-25 06:54:33
8625BEAEAE674F72C4D1,ACC-1035,api_requests,148015,request,2026-10-25 07:52:25
535BC40D9CE79302A65B,ACC-1005,api_requests,4275,request,2026-10-25 08:07:46
43217FC937F922495636,ACC-1001,egress_gb,275.636925,GB,2026-10-25 08:42:24
67DD79CE0F457512C1C9,ACC-1002,build_minutes,130,min,2026-10-25 09:15:51
9163E5DB78BB376B14C3,ACC-1020,api_requests,10745,request,2026-10-25 09:29:02
BB2AA016B1E8DD8AF5E6,ACC-1018,build_minutes,160,min,2026-10-25 09:32:17
CA8118E1651B7C5E6579,ACC-1021,build_minutes,148,min,2026-10-25 09:33:33
AF5216BE219BFF5FF32C,ACC-1038,api_requests,3580,request,2026-10-25 10:13:30
BEBEEC9A0CDCB4EE0908,ACC-1010,api_requests,594735,request,2026-10-25 10:29:58
2A771B03A421BAC9785B,ACC-1024,storage_gib_h,15340.308,GiB-h,2026-10-25 10:32:07
80A11812AD770E63AAB3,ACC-1017,api_requests,1117629,request,2026-10-25 11:32:00
D856BCDAEB926B8519A9,ACC-1030,egress_gb,12.031509,GB,2026-10-25 11:48:05
A992FD7AA70EC085FEC9,ACC-1030,egress_gb,8.293714,GB,2026-10-25 12:00:46
DBCF6B333BFF72957353,ACC-1022,api_requests,928899,request,2026-10-25 12:38:26
4DFFA1F7DE7F4972104B,ACC-1034,build_minutes,108,min,2026-10-25 12:41:17
D51409B57C4D0C00D795,ACC-1032,api_requests,3448,request,2026-10-25 13:17:08
2DA3248321E8C6E661C5,ACC-1006,api_requests,983951,request,2026-10-25 13:32:13
1D5BB57E16C7BF4AD994,ACC-1006,storage_gib_h,10189.637,GiB-h,2026-10-25 13:46:21
B15CF8ABD29DD3F09D44,ACC-1015,egress_gb,75.774675,GB,2026-10-25 13:54:21
D508C4A101D6B5143F3C,ACC-1003,storage_gib_h,2592.633,GiB-h,2026-10-25 14:22:15
4D7A925FA502D6CACC89,ACC-1025,api_requests,145233,request,2026-10-25 14:54:34
98CBB20D6B796A69ED51,ACC-1022,storage_gib_h,15972.468,GiB-h,2026-10-25 15:03:30
790013543C9E0C95A5FF,ACC-1007,egress_gb,138.804942,GB,2026-10-25 15:13:20
EE9E805CF77CB2215D67,ACC-1038,storage_gib_h,215.694,GiB-h,2026-10-25 15:22:34
7BC6E8A631AE159F8410,ACC-1026,api_requests,7559,request,2026-10-25 15:29:11
FA35554E776A9771DA6C,ACC-1027,egress_gb,48.536606,GB,2026-10-25 15:43:57
D6F1F41A0FC1364FAB29,ACC-1009,storage_gib_h,4606.553,GiB-h,2026-10-25 15:46:36
8E99960C17D96C72EE4D,ACC-1028,egress_gb,193.955240,GB,2026-10-25 15:48:48
35510067D95A70C2CCEE,ACC-1002,api_requests,109799,request,2026-10-25 16:16:59
FDE56F5492986C5CF478,ACC-1029,storage_gib_h,592.879,GiB-h,2026-10-25 16:17:06
80AC22C670D4466A35EC,ACC-1041,build_minutes,98,min,2026-10-25 16:23:04
1366CDD7D866C4FD71B3,ACC-1006,build_minutes,564,min,2026-10-25 17:00:33
3AA4BC71F0AFB4C516DC,ACC-1009,egress_gb,10.714474,GB,2026-10-25 17:05:20
68D9F68C17F43079CB81,ACC-1035,build_minutes,122,min,2026-10-25 17:08:36
2473B7BFE3FE4CD2D31B,ACC-1041,api_requests,124996,request,2026-10-25 17:09:28
C4AEB8F196FA79C4311A,ACC-1036,storage_gib_h,485.555,GiB-h,2026-10-25 17:28:57
0EBDE63047218AC26F09,ACC-1007,egress_gb,346.035252,GB,2026-10-25 17:58:43
B8BFB7771E01703194DC,ACC-1042,api_requests,9909,request,2026-10-25 18:07:26
1044B4CCA9AB38E59244,ACC-1013,egress_gb,26.252826,GB,2026-10-25 18:31:12
EA38700089439BB26FC4,ACC-1041,build_minutes,72,min,2026-10-25 19:54:48
0CADAA44A3A266C47E6D,ACC-1025,egress_gb,64.296001,GB,2026-10-25 19:55:48
AA30FD0296E5D6590B3B,ACC-1014,build_minutes,5,min,2026-10-25 20:23:19
827F3D2CFD167611B513,ACC-1010,storage_gib_h,9139.653,GiB-h,2026-10-25 20:33:02
941305CF753CFDA52947,ACC-1006,egress_gb,346.218296,GB,2026-10-25 20:54:09
F31639DEEFE6CC59A7A6,ACC-1024,build_minutes,428,min,2026-10-25 20:57:07
92298C975AD8FC8682B4,ACC-1013,storage_gib_h,1818.170,GiB-h,2026-10-25 21:03:17
C69F013513D1A2473CE6,ACC-1034,storage_gib_h,3018.166,GiB-h,2026-10-25 21:15:23
792D605A0F7C74F687C5,ACC-1013,api_requests,82973,request,2026-10-25 21:33:50
2667D34169A673C4603F,ACC-1027,api_requests,108217,request,2026-10-25 21:34:06
6277AD96646A7D509634,ACC-1006,api_requests,397903,request,2026-10-25 21:39:09
D7EBEB45E40DA4C6F372,ACC-1007,api_requests,498906,request,2026-10-25 22:09:51
E34722CEAA1E341FDAFE,ACC-1006,storage_gib_h,14438.453,GiB-h,2026-10-25 23:06:17
BBFB1B577A1B2385536B,ACC-1010,build_minutes,254,min,2026-10-25 23:09:40
2A7507412D64A99D0092,ACC-1003,build_minutes,147,min,2026-10-25 23:18:27
BD2286767641FA3869A3,ACC-1011,build_minutes,66,min,2026-10-26 00:11:00
7456A7C0A5B11265B3A4,ACC-1006,api_requests,1261730,request,2026-10-26 00:48:20
B7141DB43A7386845739,ACC-1007,api_requests,973751,request,2026-10-26 00:48:32
97CCBDB897BD0CBFF1AE,ACC-1007,egress_gb,214.889344,GB,2026-10-26 00:51:21
34FCF8C09931E12D2AB6,ACC-1039,egress_gb,41.563199,GB,2026-10-26 01:11:53
500514F13468C726B3B3,ACC-1030,api_requests,90626,request,2026-10-26 01:17:01
D3705962DC4C6413F2B3,ACC-1017,build_minutes,385,min,2026-10-26 01:23:44
340C522F831DD15EE0A7,ACC-1009,build_minutes,31,min,2026-10-26 01:47:49
6A5D51B53BEAD20F1D2F,ACC-1041,api_requests,71456,request,2026-10-26 02:40:59
F0FC268F17A4315F8937,ACC-1015,egress_gb,24.696642,GB,2026-10-26 02:55:15
AA66891C884E76199349,ACC-1039,api_requests,117799,request,2026-10-26 02:55:33
5369FC24F1842125E9B5,ACC-1041,api_requests,80536,request,2026-10-26 03:30:13
8A30D3FA5BD65A0C3DEA,ACC-1009,api_requests,47149,request,2026-10-26 03:44:30
27879A21EBDDDDC4FB83,ACC-1003,storage_gib_h,2261.306,GiB-h,2026-10-26 03:47:47
AD61A6809D617DDACBFC,ACC-1030,api_requests,28937,request,2026-10-26 03:53:26
5EA0100D6389E2426E19,ACC-1020,build_minutes,32,min,2026-10-26 03:54:05
AA27C937A082F8E0A144,ACC-1039,build_minutes,43,min,2026-10-26 04:06:25
7139C856F20BC8B216E3,ACC-1024,build_minutes,247,min,2026-10-26 04:09:59
74040EA9EC4A415F04CC,ACC-1007,api_requests,910399,request,2026-10-26 04:21:17
45CD804CDF3239E5A3F8,ACC-1020,build_minutes,61,min,2026-10-26 04:51:53
08B6C4C4DC88348E0842,ACC-1012,storage_gib_h,3534.295,GiB-h,2026-10-26 05:14:53
9E84D545A57BBF8583C4,ACC-1035,api_requests,92866,request,2026-10-26 05:15:57
537ADCD783109989C354,ACC-1017,egress_gb,306.619703,GB,2026-10-26 05:16:50
138EF7579C450470738B,ACC-1040,storage_gib_h,87.505,GiB-h,2026-10-26 05:31:58
17F673202C27E579B3FA,ACC-1029,build_minutes,55,min,2026-10-26 05:35:25
CE7F02ABE83D094B05F9,ACC-1017,build_minutes,536,min,2026-10-26 05:44:28
3D88B1B726AA5F4716FF,ACC-1014,egress_gb,2.265809,GB,2026-10-26 05:50:21
8C1D39D3E2CF156AD4CB,ACC-1037,build_minutes,17,min,2026-10-26 06:01:22
1C25C9C3FA02C39C55EB,ACC-1012,api_requests,54224,request,2026-10-26 06:10:42
284378A201DD56789FB8,ACC-1007,storage_gib_h,15450.357,GiB-h,2026-10-26 06:19:32
05C9FF17F7E4EDA5D254,ACC-1014,build_minutes,61,min,2026-10-26 06:30:03
981FF2A181F2CCC22B70,ACC-1013,egress_gb,30.690958,GB,2026-10-26 07:31:56
E4877D512B5CCAE60AA3,ACC-1023,build_minutes,43,min,2026-10-26 07:32:43
3B2C413F0EC06053CD21,ACC-1001,api_requests,499244,request,2026-10-26 08:10:24
25E626F8E874EBBF2443,ACC-1031,api_requests,101458,request,2026-10-26 08:20:00
BDC73B22A41686467C82,ACC-1004,storage_gib_h,2191.234,GiB-h,2026-10-26 08:23:07
B06C394352FB38347953,ACC-1039,build_minutes,172,min,2026-10-26 08:24:34
46B814C8A08FF1D3099C,ACC-1018,egress_gb,42.545539,GB,2026-10-26 08:49:24
037471EFC386B7909A07,ACC-1021,build_minutes,113,min,2026-10-26 08:59:42
1A4BEBE0A11D12D23877,ACC-1034,egress_gb,12.416301,GB,2026-10-26 09:22:55
DF63F298B7B45BE1018D,ACC-1028,storage_gib_h,20151.084,GiB-h,2026-10-26 09:31:28
D14A07B09906E8ECE7E8,ACC-1008,storage_gib_h,2691.526,GiB-h,2026-10-26 09:43:57
6D81315B3CE52880FE43,ACC-1007,build_minutes,214,min,2026-10-26 09:45:59
D7007B109CA6F5E3B6C0,ACC-1022,egress_gb,187.510715,GB,2026-10-26 09:48:41
0FA8212D690D89CA0656,ACC-1025,storage_gib_h,3320.801,GiB-h,2026-10-26 10:20:46
469B4E53163D4D2028DB,ACC-1027,build_minutes,93,min,2026-10-26 10:42:01
C07FC3098A2F9CB6BB62,ACC-1040,egress_gb,10.645317,GB,2026-10-26 11:15:08
96477B6B5FE1428A60C7,ACC-1022,storage_gib_h,13974.390,GiB-h,2026-10-26 11:31:30
FB1DC4D60D4BDFB04EDE,ACC-1017,api_requests,573373,request,2026-10-26 11:57:10
531244A969116730F78E,ACC-1004,api_requests,73300,request,2026-10-26 12:02:54
0A58DFD0E87151330BFD,ACC-1031,api_requests,133562,request,2026-10-26 12:03:03
8B2A85A035009A530F90,ACC-1004,build_minutes,85,min,2026-10-26 12:23:58
A0370BB47A01BD40E1D2,ACC-1007,build_minutes,618,min,2026-10-26 12:28:09
5E84EBD2D5F1937A0CF6,ACC-1025,api_requests,131852,request,2026-10-26 12:31:41
8571FD6988869D51AEED,ACC-1035,build_minutes,158,min,2026-10-26 12:40:55
8E752824CC6D98864559,ACC-1001,api_requests,364824,request,2026-10-26 12:42:30
709BA6A40A0B71A798F7,ACC-1021,egress_gb,82.153432,GB,2026-10-26 12:56:20
9B3F57221C7598C932D5,ACC-1004,api_requests,65557,request,2026-10-26 13:17:04
80CA8A866771AE3C7C82,ACC-1022,api_requests,874179,request,2026-10-26 14:12:12
3AACFFAEB65870D418B4,ACC-1011,build_minutes,125,min,2026-10-26 14:43:17
379863DADB2F9BF900CC,ACC-1006,build_minutes,121,min,2026-10-26 15:27:45
D74DE9C2F6C48C0BA3E9,ACC-1022,build_minutes,319,min,2026-10-26 15:31:47
61BD85E6C29E6533C7F7,ACC-1029,api_requests,10237,request,2026-10-26 15:56:43
025FBF5DD9DB36EE70DC,ACC-1024,build_minutes,102,min,2026-10-26 15:57:37
2B40A62F78AD21840E8A,ACC-1025,egress_gb,84.104873,GB,2026-10-26 16:00:23
0F7B91296666FCAF24C2,ACC-1010,egress_gb,78.889412,GB,2026-10-26 16:15:42
8DDEF632A8BA7D070D64,ACC-1028,api_requests,333530,request,2026-10-26 16:29:35
C2F6DB3FBFD62CF84572,ACC-1039,build_minutes,171,min,2026-10-26 16:38:14
7B094C5D9866247197FE,ACC-1022,api_requests,1181657,request,2026-10-26 16:44:02
916829EF7FC5A1CAD392,ACC-1009,build_minutes,171,min,2026-10-26 17:54:01
03A4F3BFC71580434DC6,ACC-1002,api_requests,122536,request,2026-10-26 18:36:05
FE77759C3A84424FF80C,ACC-1028,api_requests,746175,request,2026-10-26 19:14:25
DBD4DC6289F3B068EDF3,ACC-1005,storage_gib_h,585.821,GiB-h,2026-10-26 19:28:10
30FCA36240C7D8EECAFB,ACC-1027,build_minutes,150,min,2026-10-26 19:57:01
39B892858942DC15A697,ACC-1010,build_minutes,596,min,2026-10-26 19:59:33
E6B679F80FFA04AFF9DA,ACC-1026,build_minutes,12,min,2026-10-26 20:11:31
32F438C844D298C7E4D8,ACC-1015,api_requests,119755,request,2026-10-26 20:28:48
C330A2E29E19F90DD71C,ACC-1010,egress_gb,243.997309,GB,2026-10-26 20:29:27
9D8F727BB9FB2E0FB5BB,ACC-1019,build_minutes,51,min,2026-10-26 20:53:08
F9750B363424FBB9CFED,ACC-1039,egress_gb,23.111186,GB,2026-10-26 22:30:45
EBE85BCEFEE687FD98BB,ACC-1028,storage_gib_h,16398.617,GiB-h,2026-10-26 22:52:58
7104DCB2D92100800DF5,ACC-1006,storage_gib_h,17047.566,GiB-h,2026-10-26 23:52:10
3F543C14C08DD6DA0FCE,ACC-1030,api_requests,134041,request,2026-10-26 23:53:52
CE074D9A700043E28CBC,ACC-1001,api_requests,1025563,request,2026-10-27 00:16:20
F191BBC6518AC2EE783A,ACC-1001,storage_gib_h,11742.776,GiB-h,2026-10-27 00:50:23
F76B97B31D16280EB5F1,ACC-1004,build_minutes,59,min,2026-10-27 00:51:40
B0561BC48776DA66C224,ACC-1025,build_minutes,176,min,2026-10-27 01:09:35
BF35981C56FBB34AA6A8,ACC-1004,storage_gib_h,2184.649,GiB-h,2026-10-27 01:19:19
ED1D499853AF984A3557,ACC-1028,egress_gb,166.146981,GB,2026-10-27 01:37:37
D1FF28F3012AE17BA8C1,ACC-1018,storage_gib_h,4906.521,GiB-h,2026-10-27 01:41:05
E96BEEDF02A7184066DD,ACC-1041,api_requests,69825,request,2026-10-27 01:42:56
D0EC919D9A9AA4CA181B,ACC-1037,build_minutes,15,min,2026-10-27 02:19:35
2E36C091D48187983B45,ACC-1030,storage_gib_h,4877.525,GiB-h,2026-10-27 03:53:23
6557680BB7313B5EC643,ACC-1015,build_minutes,163,min,2026-10-27 04:28:13
D38D51015A0EF724441A,ACC-1018,api_requests,35167,request,2026-10-27 05:11:13
F0CD1FE18EC0D13CBC08,ACC-1011,egress_gb,50.535408,GB,2026-10-27 05:39:40
3565FB56ABBBA8AEC8E2,ACC-1035,build_minutes,22,min,2026-10-27 06:01:18
450D10017F686505ECBB,ACC-1004,api_requests,112114,request,2026-10-27 06:42:54
9E013D23C9D9D1845968,ACC-1003,api_requests,57165,request,2026-10-27 06:55:48
147971A21B783A21C2B5,ACC-1011,api_requests,148771,request,2026-10-27 07:12:04
03B3837854831343A3BA,ACC-1026,build_minutes,18,min,2026-10-27 07:15:28
DB1918300871E26E0D1A,ACC-1012,api_requests,107496,request,2026-10-27 07:16:29
492EE98B0254F00901CB,ACC-1022,build_minutes,219,min,2026-10-27 07:24:37
26E2BBADF359A7CDE139,ACC-1039,storage_gib_h,4598.705,GiB-h,2026-10-27 07:36:35
B3216C1EA67A7DA22102,ACC-1003,api_requests,32290,request,2026-10-27 07:44:59
F5999CBD9AC9FDB5E23B,ACC-1031,build_minutes,49,min,2026-10-27 07:45:41
CD00DEFF88D51C7D901D,ACC-1031,egress_gb,50.966415,GB,2026-10-27 07:55:20
8E5A4ACDE61E7720EA82,ACC-1001,egress_gb,377.451384,GB,2026-10-27 09:01:59
3252532467E639DCF33F,ACC-1030,egress_gb,56.782059,GB,2026-10-27 09:08:47
DE174A3407F5490722EA,ACC-1022,storage_gib_h,9913.673,GiB-h,2026-10-27 09:43:40
12BDC186F0CE85727303,ACC-1006,build_minutes,263,min,2026-10-27 09:45:06
05545417216EC7F0F05B,ACC-1021,api_requests,36729,request,2026-10-27 10:27:35
05DB8B71DFB74C159D11,ACC-1001,api_requests,1159184,request,2026-10-27 10:41:47
EA05D840A0F8885D7EC9,ACC-1039,build_minutes,107,min,2026-10-27 10:43:11
627B72192A1D13CC957B,ACC-1010,build_minutes,662,min,2026-10-27 11:06:15
C5A8623DBB710B75B003,ACC-1006,egress_gb,412.408751,GB,2026-10-27 11:52:24
23FEB5A9C6E7760E26CD,ACC-1006,api_requests,457819,request,2026-10-27 12:35:35
4BFD69560A0F020ADF1F,ACC-1035,api_requests,26414,request,2026-10-27 12:40:13
C5DF6A7BB1739FD785DD,ACC-1015,storage_gib_h,2601.805,GiB-h,2026-10-27 12:43:26
861695C6E248073BDA49,ACC-1025,build_minutes,78,min,2026-10-27 12:44:12
FCC107A4EBEF6F9F5E5A,ACC-1007,egress_gb,125.666789,GB,2026-10-27 13:22:38
CCD9FAE6B6BC7EADE6B4,ACC-1028,api_requests,1028478,request,2026-10-27 13:27:42
4969DA9E7CAA50B9F93F,ACC-1011,storage_gib_h,4122.904,GiB-h,2026-10-27 13:40:53
A3358E7C15D99E92F027,ACC-1009,egress_gb,82.230910,GB,2026-10-27 13:50:43
0452426914AF38D8668B,ACC-1014,storage_gib_h,159.518,GiB-h,2026-10-27 13:53:31
56B36FC9E61D954581C4,ACC-1042,storage_gib_h,266.639,GiB-h,2026-10-27 13:55:48
D33A4CB4FD48303B34C2,ACC-1024,api_requests,476718,request,2026-10-27 14:15:21
AE0C0B8090914795D4B5,ACC-1007,api_requests,843479,request,2026-10-27 14:54:43
D6898362A54D6CA9D660,ACC-1019,storage_gib_h,2561.597,GiB-h,2026-10-27 15:15:19
A08B498403029B68B7D1,ACC-1004,api_requests,26708,request,2026-10-27 15:15:44
3E4C1EB9CB2B6EA91C5E,ACC-1035,api_requests,43117,request,2026-10-27 15:22:51
5275967FC8B20B0B7884,ACC-1028,storage_gib_h,16795.423,GiB-h,2026-10-27 15:59:30
E9E2CCE5A824ABC4698C,ACC-1017,build_minutes,513,min,2026-10-27 16:17:37
74D69817C8F82A248BC3,ACC-1012,build_minutes,167,min,2026-10-27 16:35:16
0E22C7B4D2E44836DCEE,ACC-1007,build_minutes,554,min,2026-10-27 17:18:40
5F37C48A4D27FCDD70DF,ACC-1017,build_minutes,358,min,2026-10-27 18:09:52
020373F30F6D3D796F69,ACC-1019,storage_gib_h,4166.350,GiB-h,2026-10-27 18:11:04
9FBF15FDB7E8FD90ECA7,ACC-1025,storage_gib_h,2771.209,GiB-h,2026-10-27 18:25:56
BABB57762155AC10A7BA,ACC-1009,storage_gib_h,4142.844,GiB-h,2026-10-27 18:30:07
65E3247FB316BDA6959E,ACC-1017,api_requests,1075822,request,2026-10-27 18:51:16
FEAD10E7CB576E6AF000,ACC-1041,storage_gib_h,1551.873,GiB-h,2026-10-27 19:03:42
0370E7F85E5A71B443DD,ACC-1037,build_minutes,55,min,2026-10-27 19:24:05
EE0067E8B79248337BC8,ACC-1038,api_requests,2972,request,2026-10-27 19:50:42
0DDA39A5E991F7C2A825,ACC-1001,storage_gib_h,14705.532,GiB-h,2026-10-27 19:56:31
9B3A0FD8CC625DF08231,ACC-1014,storage_gib_h,611.156,GiB-h,2026-10-27 21:06:34
30037097B9B7B7FF7663,ACC-1022,egress_gb,391.623662,GB,2026-10-27 21:39:11
8675278D439DCB237388,ACC-1008,egress_gb,35.509867,GB,2026-10-27 21:51:01
F51D433E8DFC0BA853C7,ACC-1035,build_minutes,81,min,2026-10-27 23:05:57
56C3B8D0724031642437,ACC-1017,storage_gib_h,13836.873,GiB-h,2026-10-27 23:37:18
EC9A51AC4E6C64363954,ACC-1034,build_minutes,69,min,2026-10-27 23:43:07
19F9DE9F00B83A1296F3,ACC-1006,build_minutes,578,min,2026-10-27 23:47:33
702B4C1BAD87C3F1706E,ACC-1039,api_requests,60457,request,2026-10-28 00:14:27
AF224B6B59841A316CEB,ACC-1032,build_minutes,7,min,2026-10-28 00:16:02
A692E795A584B1AEB43B,ACC-1022,storage_gib_h,15225.982,GiB-h,2026-10-28 00:26:32
CEDC0BEB5B77B3AA41EF,ACC-1002,egress_gb,10.927158,GB,2026-10-28 00:35:54
473A1D9F1D352D164041,ACC-1022,build_minutes,581,min,2026-10-28 01:54:12
E7071FF60BBC05461EC3,ACC-1001,api_requests,979345,request,2026-10-28 02:05:08
CB5C18672E9B17D8CC4E,ACC-1038,build_minutes,12,min,2026-10-28 02:10:13
5D5A9666E8FB037A1383,ACC-1017,api_requests,689886,request,2026-10-28 02:17:17
EDE85D25C9B66323104D,ACC-1001,storage_gib_h,12382.049,GiB-h,2026-10-28 02:25:31
88CFD1420702C7B7C6F8,ACC-1017,build_minutes,201,min,2026-10-28 03:20:25
6CBE0799AD395E2BACF9,ACC-1042,storage_gib_h,265.398,GiB-h,2026-10-28 03:47:53
0383D029387C14793E39,ACC-1033,api_requests,8808,request,2026-10-28 04:45:53
A8CAEA332E7F53A7D381,ACC-1007,storage_gib_h,16704.442,GiB-h,2026-10-28 05:00:08
C371C2AF3BFA6C5FA3CC,ACC-1009,api_requests,67869,request,2026-10-28 05:40:52
E006EACA46E9B670A8B4,ACC-1040,storage_gib_h,367.511,GiB-h,2026-10-28 05:47:53
5DCEF5B0FD38A5E80420,ACC-1008,egress_gb,70.756805,GB,2026-10-28 05:48:53
5F7A989774D1C075AB34,ACC-1024,egress_gb,376.398278,GB,2026-10-28 06:00:33
C7CBBC81F65BFCB2E040,ACC-1022,api_requests,355287,request,2026-10-28 06:09:41
A4C38F8DB6CB760D5EE4,ACC-1027,egress_gb,31.931013,GB,2026-10-28 06:29:52
B9C11D82E99F2D16AAC6,ACC-1031,build_minutes,132,min,2026-10-28 06:38:11
6F5F743AAD5C571302DA,ACC-1024,build_minutes,348,min,2026-10-28 06:43:00
7E9811001A01718D5688,ACC-1007,build_minutes,142,min,2026-10-28 06:46:33
94F1B5725B699B2626B0,ACC-1039,storage_gib_h,3375.713,GiB-h,2026-10-28 07:24:47
0C3D4098CD49B6DD7A88,ACC-1025,build_minutes,75,min,2026-10-28 07:37:41
1BBC44C13E5CCAC73EB1,ACC-1015,build_minutes,109,min,2026-10-28 07:39:46
C8F25B67D289F2EA2BFB,ACC-1006,build_minutes,102,min,2026-10-28 08:01:00
68A7F9AA3E414019C615,ACC-1021,build_minutes,147,min,2026-10-28 08:04:50
2CB8EC6B7F90B9CD183A,ACC-1031,api_requests,117027,request,2026-10-28 08:19:56
C88E7D7D02AA6AE873AA,ACC-1039,egress_gb,64.135491,GB,2026-10-28 08:38:58
37EE04D6D94C5D7BEAA9,ACC-1015,storage_gib_h,4621.992,GiB-h,2026-10-28 09:00:30
E1FE4DCA27AA4F8059B5,ACC-1018,api_requests,121368,request,2026-10-28 09:53:19
EF54AFAC80F30DCA8AB1,ACC-1015,egress_gb,67.018851,GB,2026-10-28 10:23:00
81B32D7ED00EEE21304E,ACC-1007,egress_gb,418.462372,GB,2026-10-28 10:27:28
282DA7BC39AC4EA9855B,ACC-1025,egress_gb,44.185680,GB,2026-10-28 10:54:31
CC5B3A96C5EC4C9F0463,ACC-1035,storage_gib_h,4085.455,GiB-h,2026-10-28 11:18:38
2770D334DB00532BFA87,ACC-1031,egress_gb,70.480607,GB,2026-10-28 11:30:32
47EC36AA07211A8F0E77,ACC-1004,build_minutes,73,min,2026-10-28 12:11:56
59648706E6A1BCAE62A3,ACC-1002,api_requests,153825,request,2026-10-28 12:23:25
1629DBDFBC09F5A2D1DA,ACC-1033,api_requests,12020,request,2026-10-28 13:56:34
6F3FC6FB6207FA745BA9,ACC-1024,storage_gib_h,11423.779,GiB-h,2026-10-28 14:21:51
EFD5F3866CD080057B59,ACC-1011,storage_gib_h,3347.877,GiB-h,2026-10-28 14:32:44
CD68AA0F4C3CFA4704F3,ACC-1042,api_requests,3291,request,2026-10-28 14:40:30
6D79F44445F72AF49892,ACC-1029,api_requests,9141,request,2026-10-28 15:13:41
4FA4BA3FA83CF141C24F,ACC-1015,api_requests,64118,request,2026-10-28 15:29:41
4B2A86EAB632DC1AB8B1,ACC-1035,storage_gib_h,2796.213,GiB-h,2026-10-28 16:00:40
539CA7755A965FA2F73D,ACC-1035,api_requests,135944,request,2026-10-28 16:41:53
145FF9CC93D43ED959BB,ACC-1024,api_requests,746780,request,2026-10-28 16:57:18
EE248CCD387FCF6DC4FA,ACC-1041,api_requests,34597,request,2026-10-28 17:13:43
DEAE6CDEDFB1005D91B9,ACC-1003,storage_gib_h,3763.307,GiB-h,2026-10-28 17:55:36
DC7CB0505C0004252C5E,ACC-1038,egress_gb,21.126277,GB,2026-10-28 19:10:52
BFFDC52AFBE7363D6846,ACC-1034,build_minutes,24,min,2026-10-28 19:19:04
AE5F7CF3A56469FC3168,ACC-1001,egress_gb,224.635032,GB,2026-10-28 19:35:46
F6082B0EF86EF39A8AA3,ACC-1004,build_minutes,69,min,2026-10-28 19:41:14
FE9C8E449E2945969B19,ACC-1010,api_requests,494925,request,2026-10-28 20:07:02
CD85D32DCB2A55347A3E,ACC-1027,egress_gb,23.211498,GB,2026-10-28 20:39:42
F2BE3E01FC68428A17DA,ACC-1035,api_requests,62810,request,2026-10-28 21:28:40
7C5EF08B60C643F09D84,ACC-1012,build_minutes,40,min,2026-10-28 21:37:38
76211BCD304E02F66288,ACC-1021,egress_gb,58.581524,GB,2026-10-28 21:51:16
0084D36CF01F3C367065,ACC-1028,api_requests,613151,request,2026-10-28 22:02:06
F55239761FE881340DF4,ACC-1011,build_minutes,62,min,2026-10-28 22:05:33
25DD72978920043C5B12,ACC-1041,api_requests,115527,request,2026-10-28 22:09:20
E085E4AF77BA48289074,ACC-1017,build_minutes,593,min,2026-10-28 22:21:29
D424E54063DECD660108,ACC-1013,storage_gib_h,2996.118,GiB-h,2026-10-28 22:27:45
D70F43E46070BB87C663,ACC-1003,storage_gib_h,2719.776,GiB-h,2026-10-29 00:15:56
32F84859E60ABD03221B,ACC-1042,api_requests,13593,request,2026-10-29 00:28:27
945BF3EECA4245A50273,ACC-1001,egress_gb,198.512406,GB,2026-10-29 00:31:08
76DD2A50C9270054D961,ACC-1022,build_minutes,249,min,2026-10-29 01:39:18
2EB3D091B313DB93E2D1,ACC-1035,egress_gb,67.002531,GB,2026-10-29 01:52:54
2FD922A2E01523BF17E5,ACC-1011,build_minutes,113,min,2026-10-29 02:02:44
DB091FAEC4FCDE570B06,ACC-1026,egress_gb,21.503695,GB,2026-10-29 02:14:39
BE7DF25067D3F63614B9,ACC-1002,api_requests,53021,request,2026-10-29 02:30:30
A267F06E2C1915544669,ACC-1013,build_minutes,149,min,2026-10-29 02:51:12
ACA95E2DC3B276932BE7,ACC-1020,api_requests,5086,request,2026-10-29 02:52:34
6251C1B3C238D78034D8,ACC-1009,storage_gib_h,4347.636,GiB-h,2026-10-29 03:38:40
52CDE9643EDDE2BFDCA9,ACC-1008,storage_gib_h,3856.117,GiB-h,2026-10-29 04:31:01
44F504E6746821932C44,ACC-1017,api_requests,858449,request,2026-10-29 04:41:22
E18A36B5F14A33DA3372,ACC-1037,api_requests,3447,request,2026-10-29 05:47:22
EFBCF906932213D69339,ACC-1010,egress_gb,323.371336,GB,2026-10-29 06:02:53
35F9A98BA67D26718892,ACC-1029,storage_gib_h,436.714,GiB-h,2026-10-29 07:11:21
234A77B352D11B6C1C26,ACC-1028,storage_gib_h,20948.818,GiB-h,2026-10-29 08:20:49
7D79844A8C517E4137E3,ACC-1013,api_requests,83257,request,2026-10-29 10:01:01
31EC5D304CAC9D303346,ACC-1028,api_requests,926457,request,2026-10-29 10:28:13
9A9D4FEE526835BA7EE8,ACC-1020,api_requests,13053,request,2026-10-29 10:30:03
0589DCA84620E8BA513E,ACC-1014,storage_gib_h,210.869,GiB-h,2026-10-29 11:02:51
84B8F563F366B6BA6D18,ACC-1004,build_minutes,137,min,2026-10-29 11:04:00
33BF7763BA0B72945AB4,ACC-1003,api_requests,81339,request,2026-10-29 11:23:14
D3E5853D9CFA526E81F8,ACC-1022,api_requests,640322,request,2026-10-29 11:37:13
257CF49A44C6BB5719CB,ACC-1027,api_requests,150084,request,2026-10-29 11:42:51
8F96F13BE880F6325F82,ACC-1041,egress_gb,47.524315,GB,2026-10-29 12:43:14
49F2395132D9700303C8,ACC-1010,build_minutes,227,min,2026-10-29 12:48:37
A21172DE383A331019BE,ACC-1001,build_minutes,470,min,2026-10-29 13:05:28
DEC2FEB8A2A285A3D0AA,ACC-1033,build_minutes,61,min,2026-10-29 14:33:41
741CD08817291C6365D1,ACC-1018,egress_gb,80.826309,GB,2026-10-29 15:16:58
B459768EA509DD10F5FF,ACC-1007,egress_gb,132.177544,GB,2026-10-29 16:58:33
BD80D86BACFCF49E660F,ACC-1024,egress_gb,124.978261,GB,2026-10-29 17:29:51
6870D3605F424C83C9CF,ACC-1018,storage_gib_h,3863.013,GiB-h,2026-10-29 17:46:19
78681EB021EF66FBD4DA,ACC-1030,api_requests,52428,request,2026-10-29 19:33:57
CB839ADC3119D211F9CA,ACC-1013,api_requests,57666,request,2026-10-29 19:37:39
AA131E7C281953DFDF15,ACC-1017,api_requests,1075729,request,2026-10-29 19:50:19
12174ABEC99706732EEA,ACC-1005,build_minutes,34,min,2026-10-29 19:50:27
0D16349C3310421B735F,ACC-1015,build_minutes,74,min,2026-10-29 19:52:58
1D48203737544A324A88,ACC-1007,storage_gib_h,17145.882,GiB-h,2026-10-29 20:04:39
2FFFC996707EEAA67D6C,ACC-1022,api_requests,1204666,request,2026-10-29 20:42:03
BC2A33260F967A928580,ACC-1030,egress_gb,47.472666,GB,2026-10-29 20:42:21
2154F0CED88FC6602DE5,ACC-1017,api_requests,631416,request,2026-10-29 20:45:12
0EF83C5CF50F3E1FA825,ACC-1041,api_requests,128596,request,2026-10-29 21:13:55
9AB32EA3F556DE4FE4A9,ACC-1021,build_minutes,67,min,2026-10-29 21:45:23
2B2BFA3D747E538E1332,ACC-1035,storage_gib_h,1512.007,GiB-h,2026-10-29 22:22:41
44B116B5EA0939DCBC94,ACC-1010,storage_gib_h,19215.297,GiB-h,2026-10-29 22:47:22
49AA99C021ECDB68FEEC,ACC-1026,build_minutes,36,min,2026-10-29 22:59:37
D30B16CC0879B5FD05F6,ACC-1031,storage_gib_h,4390.146,GiB-h,2026-10-29 23:57:50
9DB0CDB7152F6F0DDE4A,ACC-1028,storage_gib_h,11261.254,GiB-h,2026-10-30 00:02:12
9DBFD642D57A5BBE798D,ACC-1030,build_minutes,105,min,2026-10-30 00:04:11
52C12503CC35099BC5FD,ACC-1025,storage_gib_h,1621.909,GiB-h,2026-10-30 00:15:39
C9050A9F2C9A39DE81EC,ACC-1016,api_requests,10627,request,2026-10-30 00:42:55
2F890E03983D883E9CBF,ACC-1006,api_requests,789223,request,2026-10-30 00:45:36
7B33BC27BF5211782A6E,ACC-1025,api_requests,156773,request,2026-10-30 00:54:36
8F621E843062D534AD12,ACC-1035,egress_gb,19.146071,GB,2026-10-30 01:15:59
6E3D4D43C99D3B45C139,ACC-1035,egress_gb,26.201870,GB,2026-10-30 01:52:00
468914AFDBAFB96EFD5E,ACC-1004,api_requests,156965,request,2026-10-30 02:14:22
340810E772AD1D7435F5,ACC-1038,api_requests,12474,request,2026-10-30 03:46:08
07716565579DC8EC2C5D,ACC-1026,api_requests,11772,request,2026-10-30 03:47:35
462F399F6C8233559ABF,ACC-1002,build_minutes,58,min,2026-10-30 03:48:43
A972BD5AA7D3BA0F01EA,ACC-1014,storage_gib_h,604.511,GiB-h,2026-10-30 03:51:36
EA445676EC3A98B42C2E,ACC-1006,api_requests,501354,request,2026-10-30 04:06:48
AE57094E2E34F735086C,ACC-1021,storage_gib_h,3228.512,GiB-h,2026-10-30 04:39:10
11BD2AE2E17C33631C6B,ACC-1010,build_minutes,652,min,2026-10-30 04:50:34
80FAF0B9B2FC22F71050,ACC-1009,build_minutes,23,min,2026-10-30 04:56:34
AF4C2858BA1DFF07DE2F,ACC-1017,egress_gb,358.222859,GB,2026-10-30 05:13:27
737690D832285C80FDFF,ACC-1040,api_requests,13029,request,2026-10-30 05:21:56
DC8F85C41FD029BDE891,ACC-1012,api_requests,129199,request,2026-10-30 05:23:06
FA939C1F1F84A91A0D72,ACC-1017,api_requests,1299870,request,2026-10-30 05:28:07
DAF17D82404ACB102CBF,ACC-1012,api_requests,107099,request,2026-10-30 05:29:00
6082DEF7750A0673BAE9,ACC-1028,egress_gb,122.898285,GB,2026-10-30 05:57:46
5D3C26CF35C12C6580C6,ACC-1030,storage_gib_h,3864.024,GiB-h,2026-10-30 06:31:02
59099C726FB196C31209,ACC-1034,egress_gb,71.502687,GB,2026-10-30 06:33:42
B3B6FB82AF8AD7B708D2,ACC-1035,egress_gb,54.006544,GB,2026-10-30 06:53:41
A495980F793B7B417E17,ACC-1027,storage_gib_h,2899.692,GiB-h,2026-10-30 06:58:40
7C57F642CBAAC43096EF,ACC-1024,egress_gb,230.473128,GB,2026-10-30 07:38:51
7CB6452F7FD84A5806BE,ACC-1015,api_requests,111983,request,2026-10-30 07:47:53
D7EFE32778DB00C9E87A,ACC-1003,api_requests,103497,request,2026-10-30 08:26:11
4460C578017C8B34C4C4,ACC-1018,build_minutes,153,min,2026-10-30 08:42:20
7DD8151442DA16F80696,ACC-1010,storage_gib_h,20110.934,GiB-h,2026-10-30 08:46:48
69CEF95CDDCB46416352,ACC-1010,storage_gib_h,12476.699,GiB-h,2026-10-30 08:51:36
31BF9852457E19540163,ACC-1001,storage_gib_h,15533.452,GiB-h,2026-10-30 08:57:03
2F8E3478F76CD941BC5A,ACC-1010,api_requests,492990,request,2026-10-30 09:07:41
0010EE6507E0D2051F7A,ACC-1010,egress_gb,322.001512,GB,2026-10-30 09:42:35
6AF72C6B0185D3FE4DCF,ACC-1011,api_requests,108701,request,2026-10-30 10:12:25
D74D2DB3F94066A9AE29,ACC-1022,egress_gb,313.022529,GB,2026-10-30 10:29:19
FFD01B5B876B3D79D50E,ACC-1039,api_requests,153829,request,2026-10-30 11:00:52
1614B3F3A216FEA9A547,ACC-1002,egress_gb,48.133676,GB,2026-10-30 11:56:59
C46594D06ED843F0260E,ACC-1041,build_minutes,174,min,2026-10-30 12:06:18
F6C4ABBAEE69D3A60B35,ACC-1003,api_requests,134844,request,2026-10-30 12:22:48
9F9678161D291592688F,ACC-1022,api_requests,879432,request,2026-10-30 12:42:54
0C422AAD180B0836F225,ACC-1008,egress_gb,21.749613,GB,2026-10-30 12:44:25
5975FE11C789CDAE2E34,ACC-1006,build_minutes,599,min,2026-10-30 12:59:02
67DF8944A016A1782BBA,ACC-1018,storage_gib_h,2986.789,GiB-h,2026-10-30 13:04:47
EB5AE36C228153C04391,ACC-1027,storage_gib_h,3671.855,GiB-h,2026-10-30 13:17:03
524CB4F968FCEFD101C0,ACC-1010,build_minutes,390,min,2026-10-30 13:31:55
5E1BC97EB56B8486FC0B,ACC-1026,build_minutes,59,min,2026-10-30 15:00:54
466FD7FC54A20F4CB1E2,ACC-1011,egress_gb,7.706662,GB,2026-10-30 15:09:11
EACAB453FB28E78256A4,ACC-1024,build_minutes,464,min,2026-10-30 15:26:23
D82226B5D4C8DA9BF72E,ACC-1022,build_minutes,347,min,2026-10-30 15:50:44
BBD718ECBF43236B5B12,ACC-1006,api_requests,462665,request,2026-10-30 15:57:19
5DB6AD448D5D10C64D4C,ACC-1017,api_requests,742107,request,2026-10-30 16:15:59
86FE0DB46ACB4430A41B,ACC-1008,api_requests,51060,request,2026-10-30 16:31:50
07DC97FF18789CEEF990,ACC-1007,api_requests,390028,request,2026-10-30 17:57:15
B2D6E13D8C5F41C6F2D3,ACC-1001,storage_gib_h,19953.734,GiB-h,2026-10-30 18:32:45
2A33C96A90CFD3EC1F69,ACC-1017,egress_gb,169.468818,GB,2026-10-30 18:34:32
5005DC319E5106F8E5BE,ACC-1040,api_requests,6460,request,2026-10-30 19:10:10
B46B5F359DDCE143A212,ACC-1003,storage_gib_h,3924.979,GiB-h,2026-10-30 19:18:48
A1362A2BA8A39EE772A9,ACC-1035,egress_gb,27.070256,GB,2026-10-30 19:24:27
E331D0A52F5A1E0DD978,ACC-1010,api_requests,1172745,request,2026-10-30 19:47:57
7CAA00158F01D1E62DEE,ACC-1023,api_requests,5892,request,2026-10-30 19:58:11
C53D4C50FF77612C8204,ACC-1007,build_minutes,352,min,2026-10-30 20:10:51
950F56AAAD113A7E281D,ACC-1041,build_minutes,123,min,2026-10-30 20:38:37
718D1DDF9615F861DC9A,ACC-1002,storage_gib_h,4937.802,GiB-h,2026-10-30 20:41:37
BBBDC63A5911AE90084E,ACC-1036,storage_gib_h,513.232,GiB-h,2026-10-30 21:10:19
B363DCD90EE05C86CF3C,ACC-1040,build_minutes,31,min,2026-10-30 21:12:11
7EB9E2F69A2675EFEAA7,ACC-1009,egress_gb,68.921317,GB,2026-10-30 21:52:50
D4A3E0CA0F3A3D7D82D8,ACC-1021,build_minutes,71,min,2026-10-30 21:55:36
283EEC73272E3CF89B89,ACC-1022,storage_gib_h,10336.198,GiB-h,2026-10-30 22:38:08
7DA0079E26D857DBA931,ACC-1008,egress_gb,31.183745,GB,2026-10-30 22:59:31
2CB21C09719536FA2D41,ACC-1013,egress_gb,76.776566,GB,2026-10-30 23:05:49
D2525521522C4DCD3266,ACC-1021,api_requests,91665,request,2026-10-30 23:16:59
102721E2757FED73A2F1,ACC-1007,api_requests,1054224,request,2026-10-31 00:10:41
3AC1BD8B05952C9C82CF,ACC-1015,build_minutes,128,min,2026-10-31 00:45:27
74EF1D8889A2C21F6E0D,ACC-1007,egress_gb,112.209487,GB,2026-10-31 00:53:06
8D5B12923D21812DC1C2,ACC-1023,storage_gib_h,728.972,GiB-h,2026-10-31 00:54:34
C88AB7DCF8D63BBC5F9A,ACC-1040,egress_gb,15.485075,GB,2026-10-31 01:26:27
A35FF85FAE2EC6836949,ACC-1006,api_requests,695114,request,2026-10-31 02:01:56
8AB2BAF71682E11B7ED1,ACC-1021,build_minutes,145,min,2026-10-31 02:02:05
78884D9BBD4E28325403,ACC-1006,storage_gib_h,14239.192,GiB-h,2026-10-31 02:22:03
68828C526CDCBC370E60,ACC-1002,api_requests,90636,request,2026-10-31 02:34:07
D917A8D209B90DED38C7,ACC-1034,storage_gib_h,4430.413,GiB-h,2026-10-31 03:09:51
C486F34CF2E8DE0F0E3B,ACC-1028,storage_gib_h,9004.973,GiB-h,2026-10-31 03:22:15
5A486A6399C4D4AB6EA6,ACC-1017,api_requests,316582,request,2026-10-31 03:22:56
B55411F92671A7263D75,ACC-1027,egress_gb,30.771612,GB,2026-10-31 03:37:59
32AE529421FEDC389DE0,ACC-1012,api_requests,108324,request,2026-10-31 03:39:40
D82339290B3563EC74BF,ACC-1001,egress_gb,123.595999,GB,2026-10-31 03:59:26
B2CB47F6220FDF0C8847,ACC-1033,build_minutes,54,min,2026-10-31 04:07:29
2BCC04956AEE8ED12EB6,ACC-1028,api_requests,913242,request,2026-10-31 04:17:06
9AD972788DCA032FA18E,ACC-1016,build_minutes,57,min,2026-10-31 04:27:17
EB3F66CB105EC3866932,ACC-1011,api_requests,62927,request,2026-10-31 04:27:46
C7B0E837301A4874C34F,ACC-1035,storage_gib_h,3873.082,GiB-h,2026-10-31 04:49:30
37FC8AF7700BCB401B4E,ACC-1010,api_requests,847550,request,2026-10-31 04:52:23
2FC3BC6A763017B5004C,ACC-1024,egress_gb,251.326451,GB,2026-10-31 05:03:51
313FABDC413A449AF038,ACC-1018,api_requests,107200,request,2026-10-31 05:07:42
1789DF574E8C4638BC23,ACC-1028,egress_gb,209.690477,GB,2026-10-31 05:23:49
CEAEF6167EB781AF8B3D,ACC-1022,api_requests,766487,request,2026-10-31 06:15:36
7DB7BE4507CA4A1CC62D,ACC-1023,api_requests,5302,request,2026-10-31 06:22:18
BD62D80ADC3EE88BFA4E,ACC-1011,api_requests,40469,request,2026-10-31 07:21:35
9582D5368B13DA04A111,ACC-1031,api_requests,100870,request,2026-10-31 07:25:16
A356C04BCDA21191C158,ACC-1023,api_requests,4709,request,2026-10-31 07:54:51
0D0AA0B8FCBDC6FB76E1,ACC-1021,storage_gib_h,4294.603,GiB-h,2026-10-31 08:50:18
ABCA5DC57A52EFC64DB2,ACC-1007,build_minutes,595,min,2026-10-31 08:57:38
46B8B36914A4FA88D7D2,ACC-1042,api_requests,6586,request,2026-10-31 09:03:42
AD9A69F605679F3FFA83,ACC-1041,build_minutes,78,min,2026-10-31 10:03:13
73382D67B965B79AC534,ACC-1026,api_requests,13874,request,2026-10-31 11:10:27
3807DF102EDE4DE1C587,ACC-1018,api_requests,88513,request,2026-10-31 11:15:22
335B688C471056B6A5B5,ACC-1027,egress_gb,52.676139,GB,2026-10-31 11:52:15
7CB4EB2A4386972C7B79,ACC-1025,build_minutes,94,min,2026-10-31 11:52:40
F9D032E9D944A68901C6,ACC-1023,storage_gib_h,850.314,GiB-h,2026-10-31 12:04:17
0ACEC73C8F9105173806,ACC-1041,egress_gb,77.391486,GB,2026-10-31 12:17:03
76D4ADC2AD4D31D0EF17,ACC-1031,build_minutes,79,min,2026-10-31 12:52:40
B0A40028BAEB2ADE0171,ACC-1017,build_minutes,671,min,2026-10-31 13:12:19
E09413252DDDFA73692A,ACC-1011,egress_gb,90.506495,GB,2026-10-31 13:15:12
09C722D852A18FACCBCB,ACC-1028,api_requests,626353,request,2026-10-31 13:30:00
EED65F57A6DFCC414857,ACC-1001,api_requests,729935,request,2026-10-31 14:00:58
042537C02C72F23C8CBF,ACC-1017,api_requests,1097641,request,2026-10-31 14:03:42
D28DA302900549E263C6,ACC-1011,egress_gb,41.422173,GB,2026-10-31 14:07:35
6F7E336F159207597719,ACC-1003,api_requests,102827,request,2026-10-31 14:09:06
63F986A36BE9CED07F9E,ACC-1031,egress_gb,94.922605,GB,2026-10-31 15:03:00
EA7B9A1B3CC352F27DBF,ACC-1017,api_requests,1059622,request,2026-10-31 15:04:03
93B4F17FC9A125BA548D,ACC-1032,build_minutes,45,min,2026-10-31 15:31:50
226D75A18BBF49BC1B53,ACC-1014,storage_gib_h,483.065,GiB-h,2026-10-31 15:51:25
0C26E2076D00F2559146,ACC-1013,api_requests,414043,request,2026-10-31 16:20:00
6EF44243B15C8D3753DC,ACC-1006,egress_gb,134.029854,GB,2026-10-31 16:42:11
B3BEB8FE4BEEEFCDAA04,ACC-1028,storage_gib_h,17503.673,GiB-h,2026-10-31 16:46:55
FA2D637EBBC12B92AD27,ACC-1031,storage_gib_h,5178.249,GiB-h,2026-10-31 16:51:34
76665F48236BF65E48A7,ACC-1038,build_minutes,62,min,2026-10-31 16:54:54
7590890E1C6F4A18286B,ACC-1016,build_minutes,13,min,2026-10-31 18:33:32
4A6B21D333568EC6053A,ACC-1027,api_requests,54034,request,2026-10-31 18:58:27
E54C46B4F01F533FDE54,ACC-1019,egress_gb,11.025187,GB,2026-10-31 19:05:25
A14026FD4EB7FA48669E,ACC-1036,build_minutes,52,min,2026-10-31 19:14:01
8863C39D17DCF14B6AA9,ACC-1018,build_minutes,50,min,2026-10-31 19:37:58
5D0180901D8288D97015,ACC-1005,egress_gb,5.966113,GB,2026-10-31 20:18:42
50E1726AC41ACBFF5D0F,ACC-1039,api_requests,76681,request,2026-10-31 20:30:35
F960EA8EA53878F12C88,ACC-1010,storage_gib_h,20987.651,GiB-h,2026-10-31 20:47:19
8B385A3B1BB0A1E4DF0E,ACC-1018,egress_gb,41.232259,GB,2026-10-31 20:57:51
926E330FEF737D2F6453,ACC-1019,api_requests,40390,request,2026-10-31 21:49:32
29657DF5E8B426E953D0,ACC-1002,egress_gb,67.724477,GB,2026-10-31 22:19:27
DC6ADE693E21D394652F,ACC-1009,api_requests,90343,request,2026-10-31 22:53:16
C42734405A53193F63C3,ACC-1002,api_requests,683499,request,2026-10-31 23:20:00
E7759B15AE505F2C7CC8,ACC-1039,egress_gb,54.971934,GB,2026-10-31 23:21:13
888FF311063ECFAA23AF,ACC-1007,api_requests,534203,request,2026-10-31 23:46:28
C5866060C9C0C992BF6D,ACC-1040,build_minutes,15,min,2026-11-01 00:06:42
73815804CA32535B0FAC,ACC-1015,build_minutes,123,min,2026-11-01 00:17:31
EBF51DF4B6D313184428,ACC-1034,storage_gib_h,2277.693,GiB-h,2026-11-01 01:29:10
995C9EE94503A8B0506D,ACC-1008,storage_gib_h,3676.567,GiB-h,2026-11-01 01:53:13
3C2BFB8A7EC3A2C2FA7D,ACC-1009,api_requests,125560,request,2026-11-01 02:08:20
006EA69389F7B53565FF,ACC-1020,api_requests,11281,request,2026-11-01 02:27:38
327EC0E5E46818FC34BB,ACC-1011,api_requests,375879,request,2026-11-01 02:30:00
04015C5480AC02358605,ACC-1026,api_requests,8532,request,2026-11-01 02:30:49
FBBE06E4687BDACB3A25,ACC-1011,api_requests,36003,request,2026-11-01 02:40:27
E5131F3B7BD03F1DB63C,ACC-1008,egress_gb,36.153726,GB,2026-11-01 02:46:26
0342BCD903153A7F41D4,ACC-1015,api_requests,111636,request,2026-11-01 02:50:25
D91D002CD5705B382577,ACC-1024,build_minutes,292,min,2026-11-01 03:15:12
D400D3277FB3C413867F,ACC-1025,api_requests,138677,request,2026-11-01 03:16:16
DD9559C8301040A2C1CB,ACC-1001,build_minutes,256,min,2026-11-01 03:58:45
6D192C58E682552378AC,ACC-1025,egress_gb,6.001349,GB,2026-11-01 04:30:56
E9F45F610242D1F58068,ACC-1021,build_minutes,97,min,2026-11-01 05:22:59
2592D28421C5746DD9E5,ACC-1009,egress_gb,94.684198,GB,2026-11-01 05:44:36
AB3D073DB3230346DB17,ACC-1009,build_minutes,35,min,2026-11-01 06:09:36
936887DBD0F7C3562223,ACC-1009,api_requests,62208,request,2026-11-01 06:10:39
19C4B8290237508D2AD2,ACC-1017,build_minutes,501,min,2026-11-01 06:40:00
097D013DCD4FCE24B060,ACC-1022,storage_gib_h,16131.972,GiB-h,2026-11-01 06:53:30
871F096C95E499F4D761,ACC-1008,build_minutes,58,min,2026-11-01 07:06:19
44673730833EF68A1341,ACC-1034,storage_gib_h,4672.561,GiB-h,2026-11-01 07:25:10
8BCAC8F149482C0B58AE,ACC-1014,api_requests,9012,request,2026-11-01 07:29:21
03446FABD700CB0EA4B7,ACC-1008,build_minutes,74,min,2026-11-01 07:53:58
5B72ED470DF47EC27D3C,ACC-1028,build_minutes,202,min,2026-11-01 08:05:15
0F3B97E8CFF8C2AFDFAE,ACC-1021,egress_gb,74.209079,GB,2026-11-01 08:21:50
684569955D2A61A55F9E,ACC-1025,build_minutes,178,min,2026-11-01 08:29:58
95E9648D6FD5B177055C,ACC-1041,build_minutes,140,min,2026-11-01 08:42:02
01D7E2D536F9CB17159B,ACC-1004,storage_gib_h,3212.327,GiB-h,2026-11-01 08:49:01
27F29DD5C33EC53056AF,ACC-1041,build_minutes,85,min,2026-11-01 09:13:07
20D816D1D8A3A06E1A4A,ACC-1009,egress_gb,39.359841,GB,2026-11-01 09:30:33
953F4B012ACA527F703E,ACC-1039,egress_gb,51.997747,GB,2026-11-01 09:50:23
C885AB1CA5D044980D5F,ACC-1006,build_minutes,689,min,2026-11-01 09:51:28
04BB5E98952A921C782E,ACC-1002,api_requests,37531,request,2026-11-01 10:52:14
46F1A175D8EBB2E781A9,ACC-1010,build_minutes,378,min,2026-11-01 10:58:22
0873EAC9DC696B68F5C8,ACC-1034,api_requests,35262,request,2026-11-01 12:12:34
CC59566B885D3EAF097D,ACC-1004,build_minutes,110,min,2026-11-01 12:53:27
DD33B9B08AB16BF40E4E,ACC-1006,api_requests,988325,request,2026-11-01 13:38:00
056541BBC0B46AC5F6C7,ACC-1001,build_minutes,634,min,2026-11-01 13:45:42
B997EB61DB295096D5BD,ACC-1039,egress_gb,55.631227,GB,2026-11-01 13:51:33
EB4414BAE9DA43CAD405,ACC-1025,build_minutes,87,min,2026-11-01 13:53:25
DD2AEFBAC05407F078CA,ACC-1041,storage_gib_h,5000.251,GiB-h,2026-11-01 14:54:49
F1537DD935BD954A0DAF,ACC-1017,storage_gib_h,14749.343,GiB-h,2026-11-01 15:02:00
8C239AEC79EC12BE9224,ACC-1038,build_minutes,27,min,2026-11-01 15:02:12
3B578AFC50EA9C3C0E0E,ACC-1017,egress_gb,318.465191,GB,2026-11-01 15:17:42
E8FAAC99328FE7AB9747,ACC-1017,storage_gib_h,20307.951,GiB-h,2026-11-01 15:18:03
8726E6A010B79164AC48,ACC-1006,build_minutes,469,min,2026-11-01 15:34:43
AE7D196BF88BFCBBDE03,ACC-1013,api_requests,72057,request,2026-11-01 15:40:16
10F6323B1F9795E76834,ACC-1001,storage_gib_h,11107.340,GiB-h,2026-11-01 15:42:39
997A7C5E94FD839009F9,ACC-1030,storage_gib_h,4673.756,GiB-h,2026-11-01 15:46:57
84B5BB4218773B8A7A00,ACC-1016,build_minutes,62,min,2026-11-01 16:13:40
794A6EC3C97C374EFC30,ACC-1003,build_minutes,145,min,2026-11-01 16:17:09
1BA84FF7E24D4003F34A,ACC-1029,api_requests,8241,request,2026-11-01 16:22:36
6A9BBF20967CE3A6FFA6,ACC-1035,build_minutes,34,min,2026-11-01 16:59:59
85ED87BB5DED612E53B5,ACC-1025,build_minutes,70,min,2026-11-01 17:01:51
D4AA01B559F507F19524,ACC-1035,api_requests,129680,request,2026-11-01 17:05:47
6F5EE65DA74A733F6A1A,ACC-1003,storage_gib_h,1769.082,GiB-h,2026-11-01 17:10:25
E7AAC476CC791083B05E,ACC-1041,egress_gb,85.679540,GB,2026-11-01 17:14:32
D0AEBB61336E5843D042,ACC-1037,api_requests,8738,request,2026-11-01 18:04:16
4E2089CDCAABE98E1E0C,ACC-1017,storage_gib_h,16178.915,GiB-h,2026-11-01 18:12:36
2F3788D6F1FC4B6D47EB,ACC-1041,storage_gib_h,3684.513,GiB-h,2026-11-01 18:17:11
2E315456BD0E502E9122,ACC-1024,api_requests,424442,request,2026-11-01 18:49:55
F30DF5EBD2222AB68512,ACC-1005,build_minutes,5,min,2026-11-01 19:40:48
11F56F6D04129610CA6D,ACC-1018,api_requests,89137,request,2026-11-01 19:54:45
662CEA153A0A9F505F82,ACC-1019,build_minutes,108,min,2026-11-01 20:02:35
F4871F1BCF5008660B1A,ACC-1030,build_minutes,155,min,2026-11-01 20:03:43
6B01360F1177BF5F462C,ACC-1017,storage_gib_h,10765.834,GiB-h,2026-11-01 20:24:23
5193139893623710F0B8,ACC-1010,api_requests,870140,request,2026-11-01 20:24:26
37B748B04E1F0DE9AA79,ACC-1034,build_minutes,111,min,2026-11-01 20:57:17
80031F382DA7EE1DE3DB,ACC-1022,egress_gb,245.530203,GB,2026-11-01 21:58:37
4ACCE0F81012CACB5B8C,ACC-1004,api_requests,120795,request,2026-11-01 22:24:28
00E9C9AC22A6B904998E,ACC-1021,api_requests,22634,request,2026-11-01 22:30:30
07359BCF047E6E2696B7,ACC-1007,storage_gib_h,11693.343,GiB-h,2026-11-01 22:56:46
F4A000084549AF9C8842,ACC-1006,storage_gib_h,17768.725,GiB-h,2026-11-01 23:18:29
92DA0EBBA6AF1FB3AD73,ACC-1009,build_minutes,116,min,2026-11-01 23:32:38
6F4F7D599398B984D6A5,ACC-1027,build_minutes,104,min,2026-11-01 23:40:42
94FF78957BB601F82FFE,ACC-1024,api_requests,1078806,request,2026-11-01 23:43:55
EA1921EE9CC33268B516,ACC-1037,api_requests,13829,request,2026-11-01 23:48:09
D6980395B79878D5F1DE,ACC-1009,storage_gib_h,1732.608,GiB-h,2026-11-01 23:52:33
CBED459DFA8C140849FF,ACC-1022,api_requests,931078,request,2026-11-01 23:57:08
DE61D3D494689AA02ADB,ACC-1003,egress_gb,62.178193,GB,2026-11-02 01:13:33
7D28A1A04C68C843CB36,ACC-1007,api_requests,552707,request,2026-11-02 01:31:03
283661671159DDDE93C5,ACC-1004,storage_gib_h,2721.877,GiB-h,2026-11-02 01:34:10
12427B29BE41C0599378,ACC-1038,build_minutes,42,min,2026-11-02 01:50:49
969EDC55A831E1DED9B3,ACC-1011,build_minutes,89,min,2026-11-02 01:58:56
24C756B2865889BEE860,ACC-1024,storage_gib_h,13121.584,GiB-h,2026-11-02 03:45:05
778D1598B9F8BC0188B6,ACC-1024,api_requests,976169,request,2026-11-02 03:49:54
3D1E64B5759148F2ED7B,ACC-1041,api_requests,74760,request,2026-11-02 03:55:18
B4E00F208E32A1780AD4,ACC-1021,api_requests,143557,request,2026-11-02 04:04:52
AD8125A246BCDD606214,ACC-1024,build_minutes,362,min,2026-11-02 04:04:59
78E680D504F8723F72FC,ACC-1007,build_minutes,226,min,2026-11-02 04:13:11
9D6D9067A0FE1257BECD,ACC-1018,storage_gib_h,3748.270,GiB-h,2026-11-02 04:24:04
E35E6ECE4C42C7873B45,ACC-1030,api_requests,129191,request,2026-11-02 04:26:12
73405AB862E2C1244C22,ACC-1024,api_requests,927303,request,2026-11-02 04:29:34
3F33B0AF43D474D1AB08,ACC-1010,api_requests,1008093,request,2026-11-02 04:49:01
B91D71639225EF5E1645,ACC-1001,build_minutes,593,min,2026-11-02 05:09:14
1558ECB964BDFB002D8F,ACC-1002,build_minutes,71,min,2026-11-02 05:23:51
43060ED65E30ABCF3DFE,ACC-1019,storage_gib_h,2006.237,GiB-h,2026-11-02 06:18:21
EB4E6991C8768BEA1E92,ACC-1010,build_minutes,565,min,2026-11-02 08:03:23
6CB7BEAD83D72D3B2857,ACC-1009,storage_gib_h,1669.430,GiB-h,2026-11-02 08:07:32
7B47E7D705F1F04D7C2A,ACC-1005,storage_gib_h,173.340,GiB-h,2026-11-02 08:43:50
A90B167CD6FC89AABDB4,ACC-1031,api_requests,39125,request,2026-11-02 08:56:25
1B76DEDE31F52F683012,ACC-1036,build_minutes,13,min,2026-11-02 09:20:16
C38621391DBD009F62A4,ACC-1034,storage_gib_h,2801.021,GiB-h,2026-11-02 09:27:24
5D3F5FCFBDB4B6562E42,ACC-1017,egress_gb,195.902718,GB,2026-11-02 09:32:32
CD75A81DF6C189C78A14,ACC-1006,build_minutes,660,min,2026-11-02 09:34:00
A81A18365F08287E0933,ACC-1037,storage_gib_h,651.873,GiB-h,2026-11-02 10:05:01
27FCB8D49CCF8FD70C20,ACC-1030,storage_gib_h,1792.261,GiB-h,2026-11-02 10:05:33
30F703E6A15F4CCED27D,ACC-1023,build_minutes,50,min,2026-11-02 10:21:29
E59377011AB5EA1E8CC1,ACC-1012,egress_gb,54.816865,GB,2026-11-02 11:20:45
0693B5D5016E1A56146C,ACC-1031,storage_gib_h,1646.849,GiB-h,2026-11-02 12:13:08
E64DCD98BC09BD803157,ACC-1040,egress_gb,23.467630,GB,2026-11-02 13:00:24
E19D3AB849866FA7BB5B,ACC-1022,storage_gib_h,10591.336,GiB-h,2026-11-02 14:30:16
6055FD5FED2CF111A773,ACC-1002,storage_gib_h,2634.894,GiB-h,2026-11-02 14:41:32
2189EBA610671DC2E473,ACC-1030,api_requests,121078,request,2026-11-02 14:46:53
A11779EEF7838A2E1B57,ACC-1026,build_minutes,57,min,2026-11-02 15:23:12
BCDCB50F685D2841F7C3,ACC-1039,egress_gb,94.279695,GB,2026-11-02 15:38:30
2F0CAD4524765D276370,ACC-1021,storage_gib_h,4797.306,GiB-h,2026-11-02 15:58:22
826EF11BACB5EFC66F34,ACC-1030,api_requests,39362,request,2026-11-02 16:47:20
265A5902C2E0C0711C5F,ACC-1003,api_requests,41657,request,2026-11-02 17:03:09
920AC7B652FB0D115B50,ACC-1003,api_requests,156493,request,2026-11-02 17:04:05
06D3DD534F2463983A6D,ACC-1032,egress_gb,5.263854,GB,2026-11-02 17:12:00
08730946CB03AF482CC1,ACC-1031,api_requests,84341,request,2026-11-02 17:19:18
ADC8CEC00ADEA6FA6DCF,ACC-1010,storage_gib_h,18919.210,GiB-h,2026-11-02 17:45:50
A15812344C12DAC7D464,ACC-1030,egress_gb,88.873362,GB,2026-11-02 17:46:54
65B69319E6DFD47BBDC1,ACC-1005,storage_gib_h,892.200,GiB-h,2026-11-02 18:15:10
2FF85E7261BDF13F2C2E,ACC-1021,api_requests,149998,request,2026-11-02 18:16:01
5DEB054BA1E6121252AA,ACC-1024,build_minutes,520,min,2026-11-02 18:24:57
39288A981E63CF19BA5B,ACC-1025,build_minutes,108,min,2026-11-02 19:08:15
D8D5AA0305E49894C336,ACC-1030,build_minutes,175,min,2026-11-02 19:40:11
69AB6217E803FBB8983E,ACC-1021,storage_gib_h,4433.731,GiB-h,2026-11-02 20:25:32
9C9AA3480C837D5A7170,ACC-1001,build_minutes,296,min,2026-11-02 20:29:34
09CBD55B31AD3991B406,ACC-1015,storage_gib_h,4523.966,GiB-h,2026-11-02 20:40:31
0712D93BB3ABA2F6C9E0,ACC-1006,api_requests,828242,request,2026-11-02 20:48:15
4516AC0CC6C526468791,ACC-1002,storage_gib_h,1815.788,GiB-h,2026-11-02 20:51:35
2B4CE196EC99446DA275,ACC-1033,storage_gib_h,153.918,GiB-h,2026-11-02 21:37:39
45328A2316B8B8354874,ACC-1041,api_requests,118408,request,2026-11-02 21:56:19
3232E3672E5E2FF9A7F6,ACC-1008,egress_gb,24.538642,GB,2026-11-02 22:17:19
D86E30ABA3399C8B4A70,ACC-1015,build_minutes,111,min,2026-11-02 22:36:31
449D02D3D72733326AA5,ACC-1002,api_requests,124663,request,2026-11-02 23:35:41
C924BD30474B1D2BAF21,ACC-1021,egress_gb,53.759809,GB,2026-11-02 23:37:31
7B32AC6F0A23DC6D60D5,ACC-1004,api_requests,141139,request,2026-11-02 23:37:33
